t_s,H_m,H_boundary_m
0.00000000,23.036370911,23.033428949
0.00043945,23.036665107,23.034018680
0.00087891,23.036960574,23.034645149
0.00131836,23.037850701,23.035312349
0.00175781,23.038291838,23.036023062
0.00219727,23.039190549,23.036781885
0.00263672,23.039763829,23.037592570
0.00307617,23.040752298,23.038460652
0.00351563,23.041470482,23.039391014
0.00395508,23.042519959,23.040390333
0.00439453,23.043395387,23.041465049
0.00483398,23.044590558,23.042623513
0.00527344,23.045648819,23.043874107
0.00571289,23.046972857,23.045227320
0.00615234,23.048242230,23.046694254
0.00659180,23.049791066,23.048288495
0.00703125,23.051317099,23.050024741
0.00747070,23.053096013,23.051920732
0.00791016,23.054933588,23.053996318
0.00834961,23.057064385,23.056275329
0.00878906,23.059294947,23.058784816
0.00922852,23.061825397,23.061557218
0.00966797,23.064554329,23.064630268
0.01010742,23.067662673,23.068049416
0.01054688,23.071043811,23.071868225
0.01098633,23.074866278,23.076151696
0.01142578,23.079112398,23.080978064
0.01186523,23.083956212,23.086443384
0.01230469,23.089384813,23.092665103
0.01274414,23.095591954,23.099789553
0.01318359,23.102674481,23.107999735
0.01362305,23.110879333,23.117528055
0.01406250,23.120357971,23.128671601
0.01450195,23.131457207,23.141816620
0.01494141,23.144534124,23.157471441
0.01538086,23.160137812,23.176316904
0.01582031,23.178883914,23.199279564
0.01625977,23.201726547,23.227647992
0.01669922,23.229931376,23.263254784
0.01713867,23.265345268,23.308777212
0.01757812,23.310572817,23.368245611
0.01801758,23.369626532,23.447951897
0.01845703,23.448725216,23.558145225
0.01889648,23.558014267,23.716403180
0.01933594,23.714796547,23.954826811
0.01977539,23.950709338,24.336843541
0.02021484,24.328117872,25.000957995
0.02065430,24.982900132,26.291206521
0.02109375,26.251535190,29.213432444
0.02153320,29.114583455,37.273792574
0.02197266,36.979187843,63.236484220
0.02241211,62.247740565,65.435422267
0.02285156,66.350735363,67.459816678
0.02329102,66.900793316,66.406787832
0.02373047,66.289227292,66.162982851
0.02416992,65.887608401,65.558599685
0.02460937,66.445133879,67.337943889
0.02504883,66.838188884,66.389894024
0.02548828,66.312504463,66.227583227
0.02592773,65.968443350,65.663252093
0.02636719,66.447882355,67.237940470
0.02680664,66.785391408,66.377035265
0.02724609,66.333900745,66.284302957
0.02768555,66.038404401,65.752851607
0.02812500,66.451983886,67.155819548
0.02856445,66.742796679,66.367851321
0.02900391,66.353791669,66.334162682
0.02944336,66.099287167,65.830160100
0.02988281,66.457228730,67.088381939
0.03032227,66.708704379,66.361947595
0.03076172,66.372431888,66.378097232
0.03120117,66.152582330,65.897386315
0.03164062,66.463439386,67.033048439
0.03208008,66.681707094,66.358928934
0.03251953,66.390030475,66.416944962
0.03295898,66.199529178,65.956305622
0.03339844,66.470465961,66.987730531
0.03383789,66.660638580,66.358419415
0.03427734,66.406759526,66.451446371
0.03471680,66.241158574,66.008351889
0.03515625,66.478182052,66.950730057
0.03559570,66.644531371,66.360072973
0.03603516,66.422761048,66.482248177
0.03647461,66.278328564,66.054688401
0.03691406,66.486481166,66.920660931
0.03735352,66.632582011,66.363578144
0.03779297,66.438152484,66.509910359
0.03823242,66.311753861,66.096262936
0.03867188,66.495273640,66.896387677
0.03911133,66.624122506,66.368659142
0.03955078,66.453031177,66.534914585
0.03999023,66.342030259,66.133850798
0.04042969,66.504483999,66.876976926
0.04086914,66.618596838,66.375074710
0.04130859,66.467477967,66.557673010
0.04174805,66.369654850,66.168088620
0.04218750,66.514048710,66.861658949
0.04262695,66.615541663,66.382615775
0.04306641,66.481560128,66.578536877
0.04350586,66.395042764,66.199501062
0.04394531,66.523914288,66.849797000
0.04438477,66.614570408,66.391102485
0.04482422,66.495333763,66.597804554
0.04526367,66.418541032,66.228522006
0.04570313,66.534035686,66.840862776
0.04614258,66.615360143,66.400381014
0.04658203,66.508845742,66.615728843
0.04702148,66.440440071,66.255511458
0.04746094,66.544374939,66.834416684
0.04790039,66.617640760,66.410320412
0.04833984,66.522135293,66.632523504
0.04877930,66.460983182,66.280769065
0.04921875,66.554900018,66.830091919
0.04965820,66.621186029,66.420809636
0.05009766,66.535235307,66.648369005
0.05053711,66.480374455,66.304545037
0.05097656,66.565583886,66.827581584
0.05141602,66.625806210,66.431754820
0.05185547,66.548173424,66.663417523
0.05229492,66.498785313,66.327048947
0.05273438,66.576403701,66.826628205
0.05317383,66.631341894,66.443076757
0.05361328,66.560972600,66.677796770
0.05405273,66.516358348,66.348454368
0.05449219,66.587333036,66.827004198
0.05493164,66.637631443,66.454666858
0.05537109,66.573560897,66.691478692
0.05581055,66.532958487,66.368541895
0.05625000,66.597754978,66.827705474
0.05668945,66.643394355,66.464963984
0.05712891,66.584071693,66.702289740
0.05756836,66.546167572,66.384640133
0.05800781,66.604889449,66.825808968
0.05844727,66.646148732,66.471884719
0.05888672,66.591103445,66.709496389
0.05932617,66.555895809,66.397320964
0.05976563,66.609609234,66.822514467
0.06020508,66.647237581,66.476937940
0.06064453,66.596038214,66.714377410
0.06108398,66.563125082,66.407285270
0.06152344,66.612214639,66.817717244
0.06196289,66.646375364,66.479641714
0.06240234,66.598290738,66.716238510
0.06284180,66.567069722,66.413659206
0.06328125,66.611663843,66.810205631
0.06372070,66.642303873,66.478685293
0.06416016,66.596492273,66.713655159
0.06459961,66.566203061,66.414821592
0.06503906,66.606133410,66.797955505
0.06547852,66.632877360,66.471798597
0.06591797,66.588219198,66.704054440
0.06635742,66.557738021,66.407780437
0.06679688,66.592301562,66.777320076
0.06723633,66.614151286,66.454741432
0.06767578,66.568857350,66.682457498
0.06811523,66.536208476,66.386597622
0.06855469,66.563561414,66.741037513
0.06899414,66.578114480,66.418768060
0.06943359,66.528699772,66.638221628
0.06987305,66.489716227,66.338156523
0.07031250,66.505111157,66.672666014
0.07075195,66.506188314,66.343222858
0.07119141,66.444224390,66.545048075
0.07163086,66.388047983,66.228461198
0.07207031,66.377482305,66.527454567
0.07250977,66.345941935,66.168282052
0.07294922,66.244416008,66.321187831
0.07338867,66.132609964,65.942830510
0.07382813,66.039548767,66.139152814
0.07426758,65.887454391,65.642844742
0.07470703,65.600602384,65.565523244
0.07514648,65.172364971,64.791655419
0.07558594,64.487805293,64.216209865
0.07602539,63.152952786,62.159415768
0.07646484,60.435169173,58.838971317
0.07690430,55.210407165,51.784187884
0.07734375,46.105280660,40.665482293
0.07778320,32.547846197,24.580931130
0.07822266,16.341914526,8.043063391
0.07866211,1.448256843,-5.376829405
0.07910156,-9.084574658,-13.004806260
0.07954102,-9.092630276,-13.447144514
0.07998047,-9.103788418,-10.220676789
0.08041992,-9.105684154,-12.113526647
0.08085937,-9.109736335,-9.982286838
0.08129883,-9.110459703,-11.745920445
0.08173828,-9.112583007,-9.747327125
0.08217773,-9.112973840,-11.435199898
0.08261719,-9.114311028,-9.638035510
0.08305664,-9.114551620,-11.221550134
0.08349609,-9.115486072,-9.556991931
0.08393555,-9.115651734,-11.063378995
0.08437500,-9.116346885,-9.506417870
0.08481445,-9.116469675,-10.934162238
0.08525391,-9.117009326,-9.472338829
0.08569336,-9.117104617,-10.823890927
0.08613281,-9.117537860,-9.446137339
0.08657227,-9.117614388,-10.731254233
0.08701172,-9.117971547,-9.425284357
0.08745117,-9.118034584,-10.653169837
0.08789062,-9.118335106,-9.407940263
0.08833008,-9.118388171,-10.585565498
0.08876953,-9.118645305,-9.393645641
0.08920898,-9.118690839,-10.526545932
0.08964844,-9.118913915,-9.382079920
0.09008789,-9.118953611,-10.474526894
0.09052734,-9.119149418,-9.372607941
0.09096680,-9.119184449,-10.428420099
0.09140625,-9.119358015,-9.364512718
0.09184570,-9.119389250,-10.387041852
0.09228516,-9.119544405,-9.357511331
0.09272461,-9.119572511,-10.349629953
0.09316406,-9.119712232,-9.351483465
0.09360352,-9.119737729,-10.315613569
0.09404297,-9.119864370,-9.346296391
0.09448242,-9.119887672,-10.284586102
0.09492188,-9.120003123,-9.341869832
0.09536133,-9.120024558,-10.256182300
0.09580078,-9.120130352,-9.338099311
0.09624023,-9.120150180,-10.230108043
0.09667969,-9.120247571,-9.334821721
0.09711914,-9.120265997,-10.206037304
0.09755859,-9.120356022,-9.331925324
0.09799805,-9.120373218,-10.183703835
0.09843750,-9.120456742,-9.329348193
0.09887695,-9.120472849,-10.162898522
0.09931641,-9.120550603,-9.327050050
0.09975586,-9.120565744,-10.143464751
0.10019531,-9.120638351,-9.325008272
0.10063477,-9.120652629,-10.125272679
0.10107422,-9.120720623,-9.323203291
0.10151367,-9.120734126,-10.108215246
0.10195313,-9.120797967,-9.321602329
0.10239258,-9.120810770,-10.092184541
0.10283203,-9.120870857,-9.320172895
0.10327148,-9.120883025,-10.077080527
0.10371094,-9.120939705,-9.318889629
0.10415039,-9.120951295,-10.062815252
0.10458984,-9.121004870,-9.317733969
0.10502930,-9.121015932,-10.049315234
0.10546875,-9.121066672,-9.316693576
0.10590820,-9.121077247,-10.036518141
0.10634766,-9.121125388,-9.315759863
0.10678711,-9.121135518,-10.024371518
0.10722656,-9.121181270,-9.314927253
0.10766602,-9.121190988,-10.012829227
0.10810547,-9.121234540,-9.314191400
0.10854492,-9.121243877,-10.001850611
0.10898438,-9.121285396,-9.313545360
0.10942383,-9.121294381,-9.991396141
0.10986328,-9.121334017,-9.312980297
0.11030273,-9.121342674,-9.981427431
0.11074219,-9.121380564,-9.312487140
0.11118164,-9.121388916,-9.971908261
0.11162109,-9.121425180,-9.312057649
0.11206055,-9.121433247,-9.962805789
0.11250000,-9.121467997,-9.311685003
0.11293945,-9.121475797,-9.954090692
0.11337891,-9.121509133,-9.311363846
0.11381836,-9.121516682,-9.945737203
0.11425781,-9.121548696,-9.311090195
0.11469727,-9.121556009,-9.937722506
0.11513672,-9.121586784,-9.310861130
0.11557617,-9.121593875,-9.930026414
0.11601562,-9.121623487,-9.310674564
0.11645508,-9.121630369,-9.922630732
0.11689453,-9.121658888,-9.310528957
0.11733398,-9.121665573,-9.915519010
0.11777344,-9.121693063,-9.310423147
0.11821289,-9.121699562,-9.908676073
0.11865234,-9.121726083,-9.310356161
0.11909180,-9.121732405,-9.902087889
0.11953125,-9.121758011,-9.310326458
0.11997070,-9.121764166,-9.895740836
0.12041016,-9.121788907,-9.310331712
0.12084961,-9.121794904,-9.889621436
0.12128906,-9.121818826,-9.310369000
0.12172852,-9.121824673,-9.883716451
0.12216797,-9.121847820,-9.310435124
0.12260742,-9.121853523,-9.878013191
0.12304688,-9.121875936,-9.310526900
0.12348633,-9.121881502,-9.872499722
0.12392578,-9.121903217,-9.310641366
0.12436523,-9.121908653,-9.867165033
0.12480469,-9.121929703,-9.310775898
0.12524414,-9.121935015,-9.861999027
0.12568359,-9.121955434,-9.310928233
0.12612305,-9.121960627,-9.856992493
0.12656250,-9.121980445,-9.311096437
0.12700195,-9.121985523,-9.852136963
0.12744141,-9.122004768,-9.311278824
0.12788086,-9.122009737,-9.847424577
0.12832031,-9.122028434,-9.311473825
0.12875977,-9.122033298,-9.842847863
0.12919922,-9.122051473,-9.311679802
0.12963867,-9.122056236,-9.838399472
0.13007813,-9.122073911,-9.311894714
0.13051758,-9.122078577,-9.834071619
0.13095703,-9.122095774,-9.312115244
0.13139648,-9.122100347,-9.829854205
0.13183594,-9.122117083,-9.312329780
0.13227539,-9.122121558,-9.825647447
0.13271484,-9.122137825,-9.312242077
0.13315430,-9.122142124,-9.820286723
0.13359375,-9.122157507,-9.308578463
0.13403320,-9.122160685,-9.795827289
0.13447266,-9.122173094,-9.262645903
0.13491211,-9.122171591,-9.675089535
0.13535156,-9.122173567,-9.054799831
0.13579102,-9.122155405,-9.210715952
0.13623047,-9.122142222,-8.314900638
0.13666992,-9.122105855,-8.545348255
0.13710938,-9.122054869,-7.569890024
0.13754883,-9.121959202,-7.037141161
0.13798828,-9.121858644,-5.473581730
0.13842773,-9.121705389,-5.617294793
0.13886719,-9.121543887,-4.338282083
0.13930664,-9.121299489,-4.692670699
0.13974609,-9.120850189,-3.377986493
0.14018555,-9.119995559,-0.791116536
0.14062500,-9.118631612,1.735088288
0.14106445,-9.115513122,1.225163582
0.14150391,-9.105873396,2.247024131
0.14194336,12.810149290,23.387874016
0.14238281,33.927939431,44.994865068
0.14282227,44.989184415,45.548722477
0.14326172,45.834051329,46.161599547
0.14370117,45.902876140,45.660239639
0.14414062,45.692561911,45.714462324
0.14458008,45.681123929,45.636502825
0.14501953,45.861986870,46.098258603
0.14545898,45.837464990,45.587874767
0.14589844,45.623318417,45.646729342
0.14633789,45.637718258,45.616749856
0.14677734,45.857915543,46.108515247
0.14721680,45.897142404,45.696924162
0.14765625,45.744900975,45.783565564
0.14809570,45.769983693,45.746697639
0.14853516,45.960682692,46.183726525
0.14897461,45.977819713,45.782414083
0.14941406,45.813556666,45.837080234
0.14985352,45.794449193,45.743804877
0.15029297,45.911642689,46.087418486
0.15073242,45.878096718,45.676629023
0.15117188,45.712197414,45.738748183
0.15161133,45.717422225,45.687289364
0.15205078,45.874258815,46.068140616
0.15249023,45.898689424,45.737219833
0.15292969,45.786440546,45.828673440
0.15336914,45.807129106,45.778428008
0.15380859,45.949981793,46.128193087
0.15424805,45.965697138,45.810501604
0.15468750,45.856425256,45.895930069
0.15512695,45.869261099,45.836023459
0.15556641,45.994294122,46.158603603
0.15600586,46.004030550,45.856053871
0.15644531,45.900941679,45.939921344
0.15688477,45.910174719,45.874452696
0.15732422,46.021281125,46.173793324
0.15776367,46.023677000,45.879962072
0.15820312,45.915604020,45.946490898
0.15864258,45.897935904,45.844567311
0.15908203,45.961771594,46.084116948
0.15952148,45.928379575,45.777329858
0.15996094,45.816674972,45.849956166
0.16040039,45.819858326,45.784023068
0.16083984,45.921874833,46.064166931
0.16127930,45.938977897,45.818775194
0.16171875,45.870983112,45.918535752
0.16215820,45.891410661,45.859658125
0.16259766,45.990712648,46.126186722
0.16303711,46.005787817,45.890062794
0.16347656,45.941090786,45.987761866
0.16391602,45.959169032,45.926225245
0.16435547,46.051527089,46.180866252
0.16479492,46.066963325,45.957309564
0.16523438,46.010069442,46.058675142
0.16567383,46.032104635,46.001380137
0.16611328,46.125281780,46.252813291
0.16655273,46.149351994,46.049659082
0.16699219,46.109730412,46.165663172
0.16743164,46.148855040,46.127794779
0.16787109,46.261716675,46.398439802
0.16831055,46.321611180,46.247326471
0.16875000,46.341142558,46.429531602
0.16918945,46.464492376,46.493321045
0.16962891,46.697566329,46.902465009
0.17006836,46.915929709,46.932341319
0.17050781,47.080393892,47.229300999
0.17094727,47.225494838,47.225668963
0.17138672,47.293492018,47.366773582
0.17182617,47.266606074,47.163068258
0.17226563,47.311736194,47.449054137
0.17270508,47.561988692,47.674099559
0.17314453,47.810141910,47.963108882
0.17358398,47.744703843,47.535245672
0.17402344,47.539917314,47.522896356
0.17446289,47.752548799,47.955249912
0.17490234,48.446792590,48.941842959
0.17534180,49.052863269,49.188902894
0.17578125,49.202145529,49.221827206
0.17622070,49.263413237,49.277111005
0.17666016,49.868058550,50.417615675
0.17709961,51.239253472,52.039346609
0.17753906,52.972862556,53.931719703
0.17797852,54.188527445,54.507077543
0.17841797,54.257887194,54.043632249
0.17885742,53.731999720,53.386780289
0.17929687,53.869586934,54.293489517
0.17973633,55.070237422,55.844181585
0.18017578,56.258380272,56.735514062
0.18061523,56.282525047,55.860688674
0.18105469,55.816635831,55.701879802
0.18149414,56.737123516,57.658645455
0.18193359,59.747386070,61.793267594
0.18237305,63.448204400,65.183761526
0.18281250,65.560359136,66.074251166
0.18325195,65.138909662,64.265857446
0.18369141,63.667717591,62.998160614
0.18413086,63.612482708,64.096382593
0.18457031,65.964989080,67.773425410
0.18500977,69.321696113,70.948606138
0.18544922,71.112194733,71.426308971
0.18588867,70.124408854,68.891330212
0.18632813,67.985765817,66.992369477
0.18676758,67.592087760,68.027877274
0.18720703,70.260532857,72.381753307
0.18764648,74.934909584,77.487642454
0.18808594,79.522366723,81.651167137
0.18852539,82.266643022,83.031619517
0.18896484,82.177736449,81.465986463
0.18940430,79.489788129,77.554283597
0.18984375,76.169045016,74.684364300
0.19028320,74.798592803,74.752634483
0.19072266,76.421632926,77.980494297
0.19116211,80.050732226,82.097203062
0.19160156,84.074871570,86.085002239
0.19204102,87.449526853,88.878929196
0.19248047,89.559229836,90.336536222
0.19291992,89.806556272,89.392810440
0.19335938,87.870958024,86.439834719
0.19379883,84.290951589,82.153511799
0.19423828,80.587007049,78.938776639
0.19467773,78.479156322,77.894691552
0.19511719,78.707169312,79.431004684
0.19555664,80.523074723,81.622778390
0.19599609,82.080069504,82.658785770
0.19643555,81.234940954,80.027551682
0.19687500,76.233656662,72.699871388
0.19731445,66.332977564,60.184540956
0.19775391,52.410737332,44.729127536
0.19819336,36.902592164,29.006837490
0.19863281,22.838240602,16.476290718
0.19907227,12.478434557,8.259314528
0.19951172,6.269355904,4.112712293
0.19995117,3.156683382,2.104934003
0.20039063,1.815218776,1.477347230
0.20083008,1.360772962,1.224003767
0.20126953,1.273167889,1.319001292
0.20170898,1.244177503,1.170691912
0.20214844,1.193224734,1.213632676
0.20258789,1.182520626,1.149407745
0.20302734,1.205366680,1.263790465
0.20346680,1.181360505,1.101415298
0.20390625,1.114960216,1.126174070
0.20434570,1.093137814,1.057482810
0.20478516,1.116830059,1.177800173
0.20522461,1.109545779,1.043056138
0.20566406,1.073105001,1.100545057
0.20610352,1.086145680,1.069223346
0.20654297,1.142600229,1.217976433
0.20698242,1.160499252,1.105589516
0.20742188,1.133636654,1.160231578
0.20786133,1.134514235,1.107196537
0.20830078,1.161980587,1.218982274
0.20874023,1.147270180,1.077817230
0.20917969,1.093771902,1.107850152
0.20961914,1.076112103,1.042311162
0.21005859,1.093880035,1.147153287
0.21049805,1.079047950,1.012863672
0.21093750,1.031522462,1.048295852
0.21137695,1.019915378,0.989553683
0.21181641,1.042325027,1.096741647
0.21225586,1.033271716,0.971649616
0.21269531,0.992786042,1.012094097
0.21313477,0.987205761,0.960322696
0.21357422,1.016159811,1.073367737
0.21401367,1.018948198,0.966019545
0.21445312,0.996896318,1.025777567
0.21489258,1.012716764,0.997703039
0.21533203,1.062073396,1.128060133
0.21577148,1.080251834,1.034526652
0.21621094,1.062040094,1.088447716
0.21665039,1.064953455,1.040238804
0.21708984,1.088015862,1.137610918
0.21752930,1.076485375,1.017228624
0.21796875,1.032748269,1.046836467
0.21840820,1.016366530,0.984307280
0.21884766,1.027182195,1.071467377
0.21928711,1.011012633,0.952158193
0.21972656,0.967477683,0.981357274
0.22016602,0.951373770,0.919877413
0.22060547,0.961097652,1.003721488
0.22104492,0.943941336,0.885776555
0.22148438,0.898983148,0.910915143
0.22192383,0.878285864,0.844338453
0.22236328,0.879798641,0.916775217
0.22280273,0.852226473,0.789467652
0.22324219,0.793305423,0.796273705
0.22368164,0.750778596,0.704540084
0.22412109,0.719432862,0.736525910
0.22456055,0.645783509,0.557739911
0.22500000,0.523327927,0.489144186
0.22543945,0.396763709,0.304383659
0.22587891,0.268376915,0.234185613
0.22631836,0.106524248,-0.020348994
0.22675781,-0.066732364,-0.115897002
0.22719727,-0.187121579,-0.261150494
0.22763672,-0.257822119,-0.253704003
0.22807617,-0.344759801,-0.433793736
0.22851562,-0.467394079,-0.501690872
0.22895508,-0.575682542,-0.651483792
0.22939453,-0.652233907,-0.652148332
0.22983398,-0.747470924,-0.839150193
0.23027344,-0.912353298,-0.981490296
0.23071289,-1.154283737,-1.323218498
0.23115234,-1.469261935,-1.611711919
0.23159180,-1.852071465,-2.089280008
0.23203125,-2.296331199,-2.498646316
0.23247070,-2.835431840,-3.162622147
0.23291016,-3.558469514,-3.943085739
0.23334961,-4.486550796,-5.027120787
0.23378906,-5.456381685,-5.895983686
0.23422852,-6.225336209,-6.569410952
0.23466797,-6.722753738,-6.882625269
0.23510742,-7.105983590,-7.326009738
0.23554688,-7.553728058,-7.776907317
0.23598633,-8.084040717,-8.390304955
0.23642578,-8.632674641,-8.872361443
0.23686523,-8.886584144,-9.243818169
0.23730469,-8.972443869,-9.330123120
0.23774414,-9.010647330,-9.422409934
0.23818359,-9.035849039,-9.419349094
0.23862305,-9.050815602,-9.485484387
0.23906250,-9.062522480,-9.462078442
0.23950195,-9.070378910,-9.518212242
0.23994141,-9.077058032,-9.486968468
0.24038086,-9.081854697,-9.537934304
0.24082031,-9.086143060,-9.502578175
0.24125977,-9.089357248,-9.550689334
0.24169922,-9.092331263,-9.512696618
0.24213867,-9.094626051,-9.559258258
0.24257813,-9.096803925,-9.519330019
0.24301758,-9.098519643,-9.565138123
0.24345703,-9.100180474,-9.523653426
0.24389648,-9.101509099,-9.569213271
0.24433594,-9.102816002,-9.526400572
0.24477539,-9.103873730,-9.572038334
0.24521484,-9.104928165,-9.528050164
0.24565430,-9.105789275,-9.573976211
0.24609375,-9.106657536,-9.528924353
0.24653320,-9.107371637,-9.575271941
0.24697266,-9.108098807,-9.529244965
0.24741211,-9.108700240,-9.576095084
0.24785156,-9.109318008,-9.529167527
0.24829102,-9.109831273,-9.576565378
0.24873047,-9.110362541,-9.528802756
0.24916992,-9.110805564,-9.576768946
0.24960937,-9.111267286,-9.528230565
0.25004883,-9.111653475,-9.576768856
0.25048828,-9.112058462,-9.527509399
0.25092773,-9.112398039,-9.576612097
0.25136719,-9.112756147,-9.526682526
0.25180664,-9.113057036,-9.576334275
0.25224609,-9.113375969,-9.525782348
0.25268555,-9.113644405,-9.575962804
0.25312500,-9.113930270,-9.524833376
0.25356445,-9.114171218,-9.575519064
0.25400391,-9.114427913,-9.523844341
0.25444336,-9.114627609,-9.573156948
0.25488281,-9.114712682,-9.488546895
0.25532227,-9.114275370,-9.278346597
0.25576172,-9.110938196,-8.297670674
0.25620117,-9.088609188,-4.657397755
0.25664063,3.865219294,12.094590159
0.25708008,21.688702214,31.686523386
0.25751953,31.732770797,32.285339757
0.25795898,32.665428468,33.042951767
0.25839844,33.601179676,34.202478381
0.25883789,33.724054603,33.283212024
0.25927734,33.220215500,33.107482730
0.25971680,33.687854850,34.192000882
0.26015625,35.546065856,36.881603303
0.26059570,37.693187292,38.549239022
0.26103516,38.973335755,39.463931946
0.26147461,39.028550876,38.621098260
0.26191406,38.613387707,38.573352927
0.26235352,38.847858287,39.054566009
0.26279297,40.340566350,41.588675882
0.26323242,42.432872996,43.359403839
0.26367188,42.950370512,42.634084770
0.26411133,41.852772853,41.017107748
0.26455078,41.880231241,42.596695186
0.26499023,44.584025093,46.534843531
0.26542969,47.771179210,49.181107536
0.26586914,47.693208964,46.345652180
0.26630859,45.159250974,43.902798420
0.26674805,43.985522709,43.969043295
0.26718750,44.557438866,45.185855924
0.26762695,44.348069703,43.571161083
0.26806641,43.090892221,42.562671608
0.26850586,42.757647602,42.891840335
0.26894531,43.488034328,44.114693259
0.26938477,43.625271317,43.180607960
0.26982422,42.988126190,42.764383632
0.27026367,42.955141001,43.104435837
0.27070312,43.643216922,44.207259775
0.27114258,43.840774400,43.510077326
0.27158203,43.418185382,43.302256887
0.27202148,43.460922762,43.586921006
0.27246094,44.069602643,44.574356924
0.27290039,44.250206815,43.956810156
0.27333984,43.897958111,43.818401847
0.27377930,43.946821208,44.046805147
0.27421875,44.487523560,44.948238651
0.27465820,44.640466080,44.360500978
0.27509766,44.311734733,44.244112481
0.27553711,44.348525577,44.426824951
0.27597656,44.836907140,45.265444348
0.27641602,44.967241863,44.694885390
0.27685547,44.649870401,44.587337683
0.27729492,44.672166740,44.732647445
0.27773438,45.115220031,45.515304996
0.27817383,45.218552508,44.946288921
0.27861328,44.897773535,44.832573683
0.27905273,44.900638384,44.945380032
0.27949219,45.306418595,45.684355956
0.27993164,45.383297608,45.106954043
0.28037109,45.029034202,44.937395145
0.28081055,44.943485972,44.927808225
0.28125000,45.237540478,45.559503917
0.28168945,45.293350138,45.045274041
0.28212891,45.040399527,45.018890597
0.28256836,45.107620943,45.175598801
0.28300781,45.531138092,45.903925419
0.28344727,45.619790418,45.360047710
0.28388672,45.281359239,45.190696915
0.28432617,45.178828579,45.146589760
0.28476563,45.432521688,45.728898261
0.28520508,45.482175207,45.251483211
0.28564453,45.258801174,45.250590744
0.28608398,45.333905290,45.398252769
0.28652344,45.734305462,46.086468376
0.28696289,45.823092860,45.581339075
0.28740234,45.536211275,45.477564691
0.28784180,45.512664978,45.527768413
0.28828125,45.835588207,46.156881333
0.28872070,45.895009604,45.654113928
0.28916016,45.587584110,45.510335602
0.28959961,45.491749177,45.454509171
0.29003906,45.722905468,46.000074787
0.29047852,45.781813211,45.577881469
0.29091797,45.596581556,45.601486416
0.29135742,45.677218724,45.735396329
0.29179688,46.060419855,46.398863231
0.29223633,46.182849606,45.986043491
0.29267578,45.971073692,45.944576590
0.29311523,45.984846667,46.007059403
0.29355469,46.312817382,46.629409233
0.29399414,46.428493272,46.244856706
0.29443359,46.244264466,46.232549749
0.29487305,46.277645930,46.305336492
0.29531250,46.614444551,46.933436051
0.29575195,46.757036977,46.596936291
0.29619141,46.616794738,46.626118302
0.29663086,46.682945360,46.723007434
0.29707031,47.041800543,47.369658146
0.29750977,47.222056766,47.089887216
0.29794922,47.134660901,47.169314671
0.29838867,47.246442715,47.306551456
0.29882812,47.659472011,48.017491594
0.29926758,47.974820828,47.938040397
0.29970703,48.210337437,48.456440052
0.30014648,48.950323769,49.411232457
0.30058594,50.271173102,51.143782481
0.30102539,51.312710003,51.532864677
0.30146484,51.413001237,51.312290543
0.30190430,51.193419353,51.049672512
0.30234375,51.430974456,51.802901860
0.30278320,51.818176001,51.852537278
0.30322266,51.867709448,51.876980942
0.30366211,52.069253587,52.215727557
0.30410156,53.129878992,54.009319800
0.30454102,54.797799919,55.603723438
0.30498047,56.101289987,56.649259891
0.30541992,56.475168215,56.323408575
0.30585937,56.477383299,56.601045427
0.30629883,57.068336972,57.492514943
0.30673828,58.436408653,59.379211793
0.30717773,59.770829907,60.215671380
0.30761719,60.102482813,60.034028133
0.30805664,59.653229531,59.248127944
0.30849609,59.703225855,60.096536932
0.30893555,60.874944766,61.643781130
0.30937500,62.154461276,62.729590169
0.30981445,62.226222957,61.770513523
0.31025391,61.474565318,61.144208923
0.31069336,61.388482972,61.586535852
0.31113281,62.079292081,62.627134365
0.31157227,61.609111028,60.760513757
0.31201172,57.899683067,55.228509694
0.31245117,50.653100161,46.201594282
0.31289063,41.155438396,36.131560249
0.31333008,31.345141420,26.472220791
0.31376953,23.246048165,19.867390162
0.31420898,18.028578397,16.053713430
0.31464844,15.331256234,14.537893941
0.31508789,13.931509436,13.303896408
0.31552734,12.920075270,12.530083264
0.31596680,12.018314396,11.507961142
0.31640625,11.081819343,10.664949041
0.31684570,9.979348626,9.292852601
0.31728516,8.913818241,8.513995894
0.31772461,8.237754755,7.946242906
0.31816406,7.824990004,7.715317101
0.31860352,7.186316526,6.674787579
0.31904297,6.239053166,5.797436955
0.31948242,5.414176272,5.014416153
0.31992188,4.882722998,4.754606823
0.32036133,4.267106221,3.799386694
0.32080078,3.290132461,2.786191309
0.32124023,2.235794978,1.667146403
0.32167969,1.535408458,1.378281068
0.32211914,1.312895120,1.226648436
0.32255859,1.482358695,1.721585538
0.32299805,1.955615099,2.182549599
0.32343750,2.549464496,2.923492937
0.32387695,3.003691034,3.095459309
0.32431641,3.246568307,3.400762238
0.32475586,3.434237556,3.467390625
0.32519531,3.620948846,3.781265174
0.32563477,3.677555925,3.582303497
0.32607422,3.582769975,3.582407201
0.32651367,3.507074357,3.427577762
0.32695313,3.502815325,3.581564166
0.32739258,3.429263029,3.283051878
0.32783203,3.248445589,3.211485965
0.32827148,3.115300232,3.013802675
0.32871094,3.075382300,3.139347901
0.32915039,2.987263534,2.840432298
0.32958984,2.807187506,2.771344884
0.33002930,2.679257406,2.581785146
0.33046875,2.646249720,2.712718479
0.33090820,2.572278519,2.436726577
0.33134766,2.412797956,2.386395450
0.33178711,2.302993393,2.214445456
0.33222656,2.283988807,2.355358445
0.33266602,2.227507661,2.104260047
0.33310547,2.090526538,2.074436856
0.33354492,2.000909460,1.922429225
0.33398438,1.998841556,2.076856155
0.33442383,1.963645707,1.854722057
0.33486328,1.853584916,1.850151054
0.33530273,1.789806632,1.724520736
0.33574219,1.813968078,1.904422424
0.33618164,1.816443516,1.732024090
0.33662109,1.757036549,1.779861149
0.33706055,1.740811384,1.697961261
0.33750000,1.790283515,1.885314976
0.33793945,1.785631228,1.691305686
0.33837891,1.685490583,1.678716649
0.33881836,1.606821972,1.530714282
0.33925781,1.603616141,1.676889755
0.33969727,1.591179642,1.508008330
0.34013672,1.535349838,1.560386624
0.34057617,1.524453533,1.485071920
0.34101562,1.573075536,1.663634320
0.34145508,1.570605162,1.482674941
0.34189453,1.476833966,1.470513387
0.34233398,1.395156721,1.316339042
0.34277344,1.375157775,1.434596787
0.34321289,1.341320967,1.250717828
0.34365234,1.261267367,1.269925917
0.34409180,1.219083818,1.164409501
0.34453125,1.245397582,1.326868438
0.34497070,1.260402520,1.196555127
0.34541016,1.229600723,1.261319832
0.34584961,1.225104422,1.186460241
0.34628906,1.261902992,1.339768794
0.34672852,1.250456283,1.165773818
0.34716797,1.155596950,1.145492271
0.34760742,1.061964224,0.975910229
0.34804688,1.013097230,1.050986011
0.34848633,0.949133075,0.849745252
0.34892578,0.841982600,0.833034828
0.34936523,0.758876418,0.682005965
0.34980469,0.723618602,0.766200015
0.35024414,0.668027791,0.572750548
0.35068359,0.560884288,0.548461584
0.35112305,0.465902825,0.381198121
0.35156250,0.408378816,0.436729510
0.35200195,0.326856574,0.219921947
0.35244141,0.192747571,0.165271075
0.35288086,0.065864610,-0.035329578
0.35332031,-0.030262931,-0.023772080
0.35375977,-0.155500817,-0.283754778
0.35419922,-0.344580908,-0.404109794
0.35463867,-0.558416598,-0.711317745
0.35507813,-0.803951413,-0.890186255
0.35551758,-1.174358824,-1.448836581
0.35595703,-1.725469669,-1.995900698
0.35639648,-2.388513875,-2.780824640
0.35683594,-3.053022233,-3.329188538
0.35727539,-3.638967463,-3.955866428
0.35771484,-4.088135535,-4.229014374
0.35815430,-4.377568837,-4.530881091
0.35859375,-4.584033866,-4.634513103
0.35903320,-4.846579334,-5.050688244
0.35947266,-5.261776236,-5.463441695
0.35991211,-5.856500046,-6.239633260
0.36035156,-6.637408255,-7.027640787
0.36079102,-7.553563405,-8.079991030
0.36123047,-8.452390455,-8.833008707
0.36166992,-8.813566015,-9.183824574
0.36210938,-8.956556877,-9.281257582
0.36254883,-8.997919269,-9.472716216
0.36298828,-9.029058339,-9.367004381
0.36342773,-9.043766717,-9.492189828
0.36386719,-9.057259385,-9.389898631
0.36430664,-9.064797356,-9.498617741
0.36474609,-9.072341298,-9.400601814
0.36518555,-9.076924021,-9.501104462
0.36562500,-9.081748126,-9.405610852
0.36606445,-9.084826393,-9.501405031
0.36650391,-9.088165384,-9.407421745
0.36694336,-9.090322975,-9.498399457
0.36738281,-9.092480250,-9.399036201
0.36782227,-9.092238200,-9.440527911
0.36826172,-9.082058009,-9.040633016
0.36870117,-7.318558283,-6.007833086
0.36914062,1.975140769,9.831768647
0.36958008,13.292670552,17.000080544
0.37001953,20.100577146,23.272393398
0.37045898,25.536791741,27.888395953
0.37089844,29.322362355,30.836863386
0.37133789,31.621010475,32.442288288
0.37177734,33.241961085,34.050922063
0.37221680,34.679463942,35.324219008
0.37265625,35.807008181,36.307887820
0.37309570,36.609102783,36.910120956
0.37353516,37.421631355,37.926241274
0.37397461,38.350331089,38.782440598
0.37441406,39.123221332,39.475443263
0.37485352,39.695201123,39.909919030
0.37529297,40.368450446,40.816426543
0.37573242,41.227742308,41.642997253
0.37617187,42.007556131,42.380674966
0.37661133,42.637325372,42.889931173
0.37705078,43.345360053,43.795320227
0.37749023,44.139000628,44.495497931
0.37792969,44.679901432,44.886331387
0.37836914,44.813191746,44.751183615
0.37880859,44.743037102,44.737968548
0.37924805,44.608933106,44.488443854
0.37968750,44.313139130,44.145694051
0.38012695,43.881107187,43.611287044
0.38056641,43.554078852,43.486070692
0.38100586,43.423110313,43.358490068
0.38144531,43.319482425,43.283012002
0.38188477,43.175503994,43.062676735
0.38232422,43.135497349,43.200093413
0.38276367,43.242941548,43.286380478
0.38320313,43.335306129,43.388676911
0.38364258,43.350323886,43.309305162
0.38408203,43.418983836,43.523002932
0.38452148,43.587813776,43.654326371
0.38496094,43.721156696,43.792842144
0.38540039,43.768725591,43.742990547
0.38583984,43.849945612,43.952382383
0.38627930,44.010688789,44.070800678
0.38671875,44.134387478,44.202519739
0.38715820,44.177489384,44.151237211
0.38759766,44.246488073,44.337834852
0.38803711,44.384121039,44.432045915
0.38847656,44.488150374,44.548361852
0.38891602,44.519234169,44.489125455
0.38935547,44.571386101,44.650237186
0.38979492,44.683399316,44.718071904
0.39023438,44.764449988,44.814602257
0.39067383,44.778262912,44.741225859
0.39111328,44.807496449,44.870905237
0.39155273,44.886691944,44.904028882
0.39199219,44.934402170,44.968356523
0.39243164,44.918221213,44.867517848
0.39287109,44.915141249,44.959888785
0.39331055,44.963149333,44.967087296
0.39375000,44.996666354,45.028542979
0.39418945,44.990124988,44.950409130
0.39462891,45.009860335,45.066396500
0.39506836,45.081117022,45.096786734
0.39550781,45.132330072,45.170831589
0.39594727,45.130501656,45.089965872
0.39638672,45.134538846,45.176951604
0.39682617,45.176894345,45.177402558
0.39726563,45.207298793,45.238967564
0.39770508,45.207041901,45.173871896
0.39814453,45.231848146,45.287159452
0.39858398,45.304125655,45.321589404
0.39902344,45.365174583,45.411032451
0.39946289,45.385432205,45.359714737
0.39990234,45.409273295,45.457358417
0.40034180,45.458537822,45.460815495
0.40078125,45.485702927,45.512920941
0.40122070,45.471183235,45.429179804
0.40166016,45.463406694,45.495673560
0.40209961,45.490921592,45.486158575
0.40253906,45.517719826,45.550196630
0.40297852,45.529374390,45.507215822
0.40341797,45.567517996,45.625385035
0.40385742,45.649489364,45.673598184
0.40429688,45.729946426,45.787728059
0.40473633,45.784975100,45.781849287
0.40517578,45.848212978,45.913078807
0.40561523,45.937996885,45.963330176
0.40605469,46.018930439,46.075907133
0.40649414,46.075632649,46.074813551
0.40693359,46.143854657,46.211178970
0.40737305,46.242950543,46.274750231
0.40781250,46.340589321,46.407379340
0.40825195,46.421910844,46.435642627
0.40869141,46.519553674,46.601538320
0.40913086,46.652323088,46.702656046
0.40957031,46.793131919,46.883700687
0.41000977,46.934354375,46.982921798
0.41044922,47.117066387,47.247273888
0.41088867,47.374052371,47.497423299
0.41132812,47.695661028,47.890610752
0.41176758,48.080976368,48.266816676
0.41220703,48.551416461,48.832344105
0.41264648,49.086885443,49.342490827
0.41308594,49.597667377,49.858373135
0.41352539,50.002948193,50.153493914
0.41396484,50.297170273,50.444431592
0.41440430,50.524862930,50.607292934
0.41484375,50.714971988,50.824258053
0.41528320,50.875713862,50.927609861
0.41572266,51.030554056,51.131476200
0.41616211,51.225013600,51.315327847
0.41660156,51.479800109,51.641961400
0.41704102,51.775901501,51.910122398
0.41748047,52.064028680,52.220853391
0.41791992,52.298720927,52.377490013
0.41835938,52.522481846,52.662176485
0.41879883,52.849058045,53.028472336
0.41923828,53.310142996,53.591713070
0.41967773,53.763741053,53.945061122
0.42011719,54.045627562,54.150645570
0.42055664,54.257912917,54.354652281
0.42099609,54.673628343,54.978676773
0.42143555,55.337342897,55.698700508
0.42187500,55.932066255,56.185967351
0.42231445,56.141359605,56.112541354
0.42275391,56.065715831,56.019616541
0.42319336,55.970812292,55.928195765
0.42363281,55.728859636,55.565193924
0.42407227,54.774278704,54.053928894
0.42451172,52.453588411,50.949226609
0.42495117,48.311339669,45.767583610
0.42539063,42.425789858,39.133437309
0.42583008,35.665044481,32.182709941
0.42626953,29.211701453,26.185123767
0.42670898,23.824403129,21.398556771
0.42714844,19.667279543,17.878522665
0.42758789,16.590670383,15.257175799
0.42802734,14.368123857,13.446701599
0.42846680,12.747318749,12.028924585
0.42890625,11.479279602,10.919110703
0.42934570,10.408607641,9.890191942
0.42978516,9.486545799,9.076736539
0.43022461,8.677906502,8.276602999
0.43066406,7.914069362,7.551267846
0.43110352,7.156165969,6.759962430
0.43154297,6.419587094,6.077728547
0.43198242,5.709461126,5.341447739
0.43242188,4.994442302,4.647767087
0.43286133,4.276458967,3.902180640
0.43330078,3.618198026,3.327966748
0.43374023,3.079659350,2.824112052
0.43417969,2.679773061,2.527104501
0.43461914,2.439921127,2.342637428
0.43505859,2.391153017,2.430391234
0.43549805,2.514281343,2.593267585
0.43593750,2.726788605,2.859199796
0.43637695,2.959267877,3.059339696
0.43681641,3.190665813,3.323005128
0.43725586,3.400476059,3.481295909
0.43769531,3.545855506,3.614564851
0.43813477,3.614111070,3.616085389
0.43857422,3.637423358,3.659998786
0.43901367,3.636337846,3.614800422
0.43945312,3.594762051,3.576990698
0.43989258,3.511868862,3.447258155
0.44033203,3.420241623,3.392759102
0.44077148,3.336356196,3.280599379
0.44121094,3.239769294,3.200011284
0.44165039,3.124218207,3.048092104
0.44208984,3.015706233,2.982276078
0.44252930,2.925806927,2.869522331
0.44296875,2.831867337,2.794930832
0.44340820,2.725518014,2.655582248
0.44384766,2.629716191,2.602715997
0.44428711,2.554251113,2.505864032
0.44472656,2.476777455,2.448299146
0.44516602,2.388920512,2.328976444
0.44560547,2.312393098,2.294658248
0.44604492,2.256602461,2.218536989
0.44648437,2.200510664,2.182959909
0.44692383,2.136520808,2.089419547
0.44736328,2.085676837,2.080707250
0.44780273,2.057024621,2.033234031
0.44824219,2.029872815,2.026954513
0.44868164,1.995236253,1.963030282
0.44912109,1.970214634,1.976562907
0.44956055,1.959852179,1.943531712
0.45000000,1.941507058,1.940440379
