t_s,H_m
0.00000000,23.033428949
0.00175781,23.036023023
0.00351563,23.039390939
0.00527344,23.043873995
0.00703125,23.050024590
0.00878906,23.058784623
0.01054688,23.071867994
0.01230469,23.092664865
0.01406250,23.128671533
0.01582031,23.199280644
0.01757812,23.368255120
0.01933594,23.954950371
0.02109375,29.221944277
0.02285156,66.354973572
0.02460937,66.366743198
0.02636719,66.378512807
0.02812500,66.390282407
0.02988281,66.402051997
0.03164062,66.413821577
0.03339844,66.425591146
0.03515625,66.437360704
0.03691406,66.449130251
0.03867188,66.460899786
0.04042969,66.472669308
0.04218750,66.484438818
0.04394531,66.496208315
0.04570313,66.507977799
0.04746094,66.519747269
0.04921875,66.531516725
0.05097656,66.543286166
0.05273438,66.555055592
0.05449219,66.566825002
0.05625000,66.578594397
0.05800781,66.585246597
0.05976563,66.590360372
0.06152344,66.593268239
0.06328125,66.592877012
0.06503906,66.587322510
0.06679688,66.573212328
0.06855469,66.543835621
0.07031250,66.484352413
0.07207031,66.356370241
0.07382813,66.033651981
0.07558594,64.883924809
0.07734375,54.466434104
0.07910156,-9.099864448
0.08085937,-9.104113972
0.08261719,-9.105547079
0.08437500,-9.106270325
0.08613281,-9.106707677
0.08789062,-9.107001227
0.08964844,-9.107212167
0.09140625,-9.107371226
0.09316406,-9.107495545
0.09492188,-9.107595448
0.09667969,-9.107677526
0.09843750,-9.107746187
0.10019531,-9.107804493
0.10195313,-9.107854637
0.10371094,-9.107898232
0.10546875,-9.107936491
0.10722656,-9.107970343
0.10898438,-9.108000514
0.11074219,-9.108027576
0.11250000,-9.108051989
0.11425781,-9.108074127
0.11601562,-9.108094295
0.11777344,-9.108112748
0.11953125,-9.108129695
0.12128906,-9.108145315
0.12304688,-9.108159759
0.12480469,-9.108173155
0.12656250,-9.108185614
0.12832031,-9.108197231
0.13007813,-9.108208090
0.13183594,-9.108218262
0.13359375,-9.108227807
0.13535156,-9.108178611
0.13710938,-9.108091917
0.13886719,-9.107941573
0.14062500,-9.107620104
0.14238281,-9.106456068
0.14414062,3.907556214
0.14589844,45.182182642
0.14765625,45.521986434
0.14941406,45.658511850
0.15117188,45.741880443
0.15292969,45.802002551
0.15468750,45.849199068
0.15644531,45.888231564
0.15820312,45.921754656
0.15996094,45.951468236
0.16171875,45.978590558
0.16347656,46.004088225
0.16523438,46.028807660
0.16699219,46.053557948
0.16875000,46.079132964
0.17050781,46.106153821
0.17226563,46.134568304
0.17402344,46.164187873
0.17578125,46.203856169
0.17753906,46.285326536
0.17929687,46.436640797
0.18105469,46.666361529
0.18281250,47.021269021
0.18457031,47.642475481
0.18632813,48.892741881
0.18808594,46.952944884
0.18984375,52.385017248
0.19160156,99.694779812
0.19335938,107.363979618
0.19511719,108.560345812
0.19687500,109.070542733
0.19863281,109.375062613
0.20039063,87.755674931
0.20214844,1.978459345
0.20390625,1.453057106
0.20566406,1.316907648
0.20742188,1.234018757
0.20917969,1.174250341
0.21093750,1.127327058
0.21269531,1.088514158
0.21445312,1.055173791
0.21621094,1.025617630
0.21796875,0.998636227
0.21972656,0.973270368
0.22148438,0.948680482
0.22324219,0.924064380
0.22500000,0.898635067
0.22675781,0.871775906
0.22851562,0.843534583
0.23027344,0.814097115
0.23203125,0.774759852
0.23378906,0.694217920
0.23554688,0.544660859
0.23730469,0.317471857
0.23906250,-0.033313204
0.24082031,-0.646373457
0.24257813,-1.877341605
0.24433594,0.005767510
0.24609375,-5.261602666
0.24785156,-9.086439230
0.24960937,-9.097540512
0.25136719,-9.101250382
0.25312500,-9.103106169
0.25488281,-9.104219534
0.25664063,-9.104961514
0.25839844,-9.105491226
0.26015625,-9.105888253
0.26191406,-9.106196819
0.26367188,-9.106443463
0.26542969,-9.106645074
0.26718750,-9.106812911
0.26894531,-9.106954716
0.27070312,-9.074488031
0.27246094,71.006704715
0.27421875,76.825253594
0.27597656,87.331574615
0.27773438,80.780425362
0.27949219,51.917216737
0.28125000,48.232085215
0.28300781,47.168598551
0.28476563,46.697037194
0.28652344,46.423027991
0.28828125,46.018260604
0.29003906,45.278292259
0.29179688,46.013619157
0.29355469,46.234703157
0.29531250,46.225657523
0.29707031,46.218002229
0.29882812,46.237688431
0.30058594,46.303620380
0.30234375,46.429500232
0.30410156,46.617320516
0.30585937,46.868480670
0.30761719,47.194103176
0.30937500,47.617877584
0.31113281,48.176013930
0.31289063,48.898278395
0.31464844,49.548665841
0.31640625,49.091622213
0.31816406,49.886556916
0.31992188,52.824632944
0.32167969,61.305448256
0.32343750,61.074443678
0.32519531,78.758630631
0.32695313,107.245695679
0.32871094,-9.100869902
0.33046875,-9.104699485
0.33222656,-9.105976365
0.33398438,-9.106614904
0.33574219,-9.106998009
0.33750000,-9.107253012
0.33925781,-9.107201921
0.34101562,-9.106985491
0.34277344,-9.106661741
0.34453125,-9.106139332
0.34628906,-9.105142943
0.34804688,-9.102627372
0.34980469,-9.084912204
0.35156250,-1.718837166
0.35332031,-0.269851467
0.35507813,0.037193750
0.35683594,0.334176588
0.35859375,0.419570779
0.36035156,0.365238968
0.36210938,0.221496116
0.36386719,0.013618492
0.36562500,-0.247789545
0.36738281,-0.561125470
0.36914062,-0.930487361
0.37089844,-1.364745431
0.37265625,-1.877470407
0.37441406,-2.472959440
0.37617187,-2.944649116
0.37792969,-2.401265877
0.37968750,-3.511524728
0.38144531,-3.866854834
0.38320313,-4.768444540
0.38496094,-5.773248713
0.38671875,-7.647703278
0.38847656,-6.989872009
0.39023438,33.885536056
0.39199219,45.615467599
0.39375000,70.414933904
0.39550781,55.322276597
0.39726563,60.065709911
0.39902344,56.093516103
0.40078125,64.888744653
0.40253906,54.414779139
0.40429688,77.042035401
0.40605469,64.617968022
0.40781250,77.575576829
0.40957031,62.075339020
0.41132812,50.694520104
0.41308594,46.361255384
0.41484375,46.268141163
0.41660156,46.320283719
0.41835938,46.462130669
0.42011719,46.668136192
0.42187500,46.927538294
0.42363281,47.238617644
0.42539063,47.605370263
0.42714844,48.036546879
0.42890625,48.545563752
0.43066406,49.136799226
0.43242188,49.608045056
0.43417969,49.082455201
0.43593750,50.164035517
0.43769531,50.528659512
0.43945312,51.417873683
0.44121094,52.416252296
0.44296875,54.258369772
0.44472656,53.687165322
0.44648437,13.090991936
0.44824219,1.359436307
0.45000000,-9.100284348
