t_s,H_med_m,H_min_m,H_max_m,npix
0.008163,24.511,24.318,24.703,2
0.008694,24.511,24.318,24.703,2
0.009226,24.511,24.318,24.703,2
0.009757,24.703,24.318,25.089,3
0.010289,24.703,24.318,25.089,3
0.010820,24.703,24.318,25.089,3
0.011352,24.896,24.318,25.474,4
0.011883,24.896,24.318,25.474,4
0.012415,25.089,24.318,25.859,5
0.012946,25.089,24.318,25.859,5
0.013478,25.281,24.318,26.244,6
0.014009,25.281,24.318,26.244,6
0.014541,25.474,24.318,26.629,7
0.015072,26.051,24.703,27.399,8
0.015604,26.437,24.703,28.170,10
0.016135,26.822,25.089,28.555,10
0.016666,27.207,25.474,28.940,10
0.017198,27.977,25.859,30.095,12
0.017729,28.940,26.629,31.251,13
0.018261,29.903,27.399,32.406,14
0.018792,30.673,27.785,33.562,16
0.019324,31.636,28.170,35.102,19
0.019855,32.792,28.940,36.643,21
0.020387,33.947,30.095,37.799,21
0.023576,39.724,38.569,40.880,7
0.024107,47.620,40.109,55.130,40
0.024639,50.123,42.420,57.826,41
0.025170,52.242,44.346,60.137,42
0.025702,54.938,47.427,62.448,40
0.026233,57.249,50.508,63.989,36
0.026765,58.789,52.819,64.759,32
0.027296,60.137,55.515,64.759,25
0.027828,61.485,58.212,64.759,18
0.028359,62.641,60.522,64.759,12
0.028891,63.989,62.833,65.144,7
0.029422,64.374,63.989,64.759,3
0.040584,65.337,65.144,65.529,2
0.042710,65.337,65.144,65.529,2
0.049088,65.337,65.144,65.529,2
0.049619,65.144,64.759,65.529,3
0.050151,65.144,64.759,65.529,3
0.050682,65.144,64.759,65.529,3
0.051214,65.144,64.759,65.529,3
0.051745,65.144,64.759,65.529,3
0.052277,64.952,64.374,65.529,4
0.052808,64.952,64.374,65.529,4
0.053340,64.952,64.374,65.529,4
0.053871,65.144,64.759,65.529,3
0.054403,65.144,64.759,65.529,3
0.054934,65.144,64.759,65.529,3
0.055466,65.144,64.759,65.529,3
0.055997,65.144,64.759,65.529,3
0.056529,65.144,64.759,65.529,3
0.057060,64.952,64.374,65.529,4
0.057592,64.952,64.374,65.529,4
0.058123,64.952,64.374,65.529,4
0.058655,64.952,64.374,65.529,4
0.059186,64.759,63.989,65.529,5
0.059718,64.759,63.989,65.529,5
0.060249,64.567,63.604,65.529,6
0.060781,64.567,63.604,65.529,6
0.061312,64.567,63.604,65.529,6
0.061844,64.567,63.604,65.529,6
0.062375,64.374,63.218,65.529,7
0.062907,64.181,63.218,65.144,6
0.063438,64.181,63.218,65.144,6
0.063970,64.181,63.218,65.144,6
0.064501,63.796,62.833,64.759,6
0.065033,63.796,62.833,64.759,6
0.065564,63.796,62.833,64.759,6
0.066096,63.604,62.448,64.759,7
0.066627,63.218,62.063,64.374,7
0.067159,63.026,61.678,64.374,8
0.067690,62.448,60.908,63.989,9
0.068222,62.063,60.522,63.604,9
0.068753,61.678,60.137,63.218,9
0.069285,61.100,59.367,62.833,10
0.069816,60.522,58.597,62.448,11
0.070348,59.560,57.441,61.678,12
0.070879,58.982,56.671,61.293,13
0.071411,58.404,55.901,60.908,14
0.071942,57.249,54.360,60.137,16
0.072474,56.286,53.205,59.367,17
0.073005,55.130,51.664,58.597,19
0.073537,53.782,50.123,57.441,20
0.074068,52.434,48.198,56.671,23
0.074600,50.701,45.887,55.515,26
0.075131,48.775,43.576,53.975,28
0.075663,46.657,41.265,52.049,29
0.076194,41.650,40.109,43.191,9
0.079383,32.984,29.325,36.643,20
0.079915,25.089,15.460,34.717,51
0.080446,19.119,6.216,32.021,68
0.080978,15.267,2.365,28.170,68
0.081509,11.223,-1.102,23.548,65
0.082041,7.564,-3.798,18.926,60
0.082572,4.290,-5.724,14.304,53
0.083104,1.402,-6.494,9.297,42
0.083635,-1.102,-7.264,5.061,33
0.084167,-3.028,-7.649,1.594,25
0.084698,-4.953,-7.649,-2.257,15
0.085230,-5.916,-7.649,-4.183,10
0.085761,-6.879,-8.034,-5.724,7
0.086293,-7.072,-7.649,-6.494,4
0.086824,-7.264,-7.649,-6.879,3
0.087356,-7.457,-7.649,-7.264,2
0.087887,-7.457,-7.649,-7.264,2
0.088419,-7.457,-7.649,-7.264,2
0.088950,-7.457,-7.649,-7.264,2
0.089482,-7.457,-7.649,-7.264,2
0.090013,-7.457,-7.649,-7.264,2
0.091607,-7.457,-7.649,-7.264,2
0.092139,-7.457,-7.649,-7.264,2
0.092670,-7.457,-7.649,-7.264,2
0.093202,-7.457,-7.649,-7.264,2
0.093733,-7.457,-7.649,-7.264,2
0.094265,-7.457,-7.649,-7.264,2
0.094796,-7.457,-7.649,-7.264,2
0.095328,-7.457,-7.649,-7.264,2
0.095859,-7.457,-7.649,-7.264,2
0.096391,-7.457,-7.649,-7.264,2
0.096922,-7.457,-7.649,-7.264,2
0.097985,-7.842,-8.034,-7.649,2
0.098517,-7.842,-8.034,-7.649,2
0.099048,-7.842,-8.034,-7.649,2
0.102237,-7.457,-7.649,-7.264,2
0.102769,-7.457,-7.649,-7.264,2
0.103300,-7.457,-7.649,-7.264,2
0.103832,-7.457,-7.649,-7.264,2
0.104363,-7.457,-7.649,-7.264,2
0.106489,-7.457,-7.649,-7.264,2
0.107021,-7.457,-7.649,-7.264,2
0.108084,-7.842,-8.034,-7.649,2
0.108615,-7.457,-7.649,-7.264,2
0.109147,-7.457,-7.649,-7.264,2
0.109678,-7.457,-7.649,-7.264,2
0.110210,-7.457,-7.649,-7.264,2
0.110741,-7.457,-7.649,-7.264,2
0.111273,-7.457,-7.649,-7.264,2
0.111804,-7.457,-7.649,-7.264,2
0.112336,-7.457,-7.649,-7.264,2
0.112867,-7.457,-7.649,-7.264,2
0.113399,-7.457,-7.649,-7.264,2
0.113930,-7.457,-7.649,-7.264,2
0.114462,-7.457,-7.649,-7.264,2
0.114993,-7.457,-7.649,-7.264,2
0.115525,-7.457,-7.649,-7.264,2
0.116056,-7.457,-7.649,-7.264,2
0.116588,-7.457,-7.649,-7.264,2
0.117119,-7.457,-7.649,-7.264,2
0.117651,-7.457,-7.649,-7.264,2
0.118182,-7.457,-7.649,-7.264,2
0.118714,-7.457,-7.649,-7.264,2
0.119245,-7.457,-7.649,-7.264,2
0.119777,-7.457,-7.649,-7.264,2
0.120308,-7.457,-7.649,-7.264,2
0.120840,-7.457,-7.649,-7.264,2
0.121371,-7.457,-7.649,-7.264,2
0.121903,-7.457,-7.649,-7.264,2
0.122434,-7.457,-7.649,-7.264,2
0.122966,-7.457,-7.649,-7.264,2
0.123497,-7.457,-7.649,-7.264,2
0.124029,-7.457,-7.649,-7.264,2
0.124560,-7.457,-7.649,-7.264,2
0.125092,-7.457,-7.649,-7.264,2
0.125623,-7.457,-7.649,-7.264,2
0.126155,-7.457,-7.649,-7.264,2
0.126686,-7.457,-7.649,-7.264,2
0.127218,-7.457,-7.649,-7.264,2
0.127749,-7.457,-7.649,-7.264,2
0.128281,-7.457,-7.649,-7.264,2
0.128812,-7.457,-7.649,-7.264,2
0.129344,-7.457,-7.649,-7.264,2
0.129875,-7.457,-7.649,-7.264,2
0.130407,-7.457,-7.649,-7.264,2
0.130938,-7.457,-7.649,-7.264,2
0.131470,-7.457,-7.649,-7.264,2
0.132001,-7.457,-7.649,-7.264,2
0.132533,-7.457,-7.649,-7.264,2
0.133064,-7.457,-7.649,-7.264,2
0.133596,-7.457,-7.649,-7.264,2
0.134127,-7.457,-7.649,-7.264,2
0.134659,-7.457,-7.649,-7.264,2
0.135190,-7.457,-7.649,-7.264,2
0.135722,-7.457,-7.649,-7.264,2
0.136253,-7.457,-7.649,-7.264,2
0.136785,-7.457,-7.649,-7.264,2
0.137316,-7.457,-7.649,-7.264,2
0.137848,-7.457,-7.649,-7.264,2
0.138379,-7.457,-7.649,-7.264,2
0.138911,-7.264,-7.649,-6.879,3
0.139442,-6.494,-7.649,-5.338,7
0.139974,5.831,-7.649,19.311,71
0.140505,25.474,3.905,47.042,113
0.141037,37.991,23.163,47.812,59
0.141568,46.272,44.346,48.198,11
0.142100,47.427,46.657,48.198,5
0.142631,47.812,47.427,48.198,3
0.143163,47.620,47.427,47.812,2
0.144757,39.532,39.339,39.724,2
0.145289,41.843,39.339,44.346,14
0.145820,42.228,40.109,44.346,12
0.146352,42.805,41.265,44.346,9
0.146883,43.383,42.420,44.346,6
0.147415,43.576,42.805,44.346,5
0.147946,43.576,42.805,44.346,5
0.148478,43.383,42.420,44.346,6
0.149009,43.383,42.420,44.346,6
0.149541,43.383,42.420,44.346,6
0.150072,43.383,42.420,44.346,6
0.150604,43.383,42.420,47.042,8
0.151135,43.576,42.805,47.042,7
0.151667,47.042,43.576,47.427,5
0.152198,47.235,46.657,47.812,4
0.152730,47.427,46.657,48.198,5
0.153261,47.427,46.657,48.198,5
0.153793,47.427,46.657,48.198,5
0.154324,47.235,46.272,48.198,6
0.154856,47.235,46.272,48.198,6
0.155387,47.235,46.272,48.198,6
0.155919,47.042,46.272,47.812,5
0.156450,46.850,46.272,47.427,4
0.156982,46.850,46.272,47.427,4
0.157513,46.850,46.272,47.427,4
0.158045,47.042,46.272,47.812,5
0.158576,47.042,46.272,47.812,5
0.159108,47.235,46.272,48.198,6
0.159639,47.235,46.272,48.198,6
0.160171,47.427,46.272,48.583,7
0.160702,47.620,46.272,48.968,8
0.161234,48.005,46.657,49.353,8
0.161765,48.390,47.042,49.738,8
0.162297,48.583,47.427,49.738,7
0.162828,48.968,47.812,50.123,7
0.163360,49.160,48.198,50.123,6
0.163891,49.160,48.198,50.123,6
0.164423,48.968,47.812,50.123,7
0.164954,48.968,47.812,50.123,7
0.165486,49.160,47.812,50.508,8
0.166017,49.546,48.198,50.894,8
0.166548,50.316,48.583,52.049,10
0.167080,50.701,48.968,52.434,10
0.167611,50.894,48.968,52.819,11
0.168143,51.086,49.353,52.819,10
0.168674,51.086,49.353,52.819,10
0.169206,51.279,49.353,53.205,11
0.169737,51.664,49.353,53.975,13
0.170269,52.434,49.738,55.130,15
0.170800,53.205,50.123,56.286,17
0.171332,54.167,51.664,56.671,14
0.171863,54.745,52.434,57.056,13
0.172395,54.938,52.819,57.056,12
0.172926,55.708,53.975,57.441,10
0.173458,55.901,54.360,57.441,9
0.173989,55.708,53.975,57.441,10
0.174521,54.938,52.819,57.056,12
0.175052,54.553,52.049,57.056,14
0.175584,53.975,51.664,56.286,13
0.176115,53.590,51.664,55.515,11
0.176647,53.590,52.434,54.745,7
0.177178,53.397,53.205,53.590,2
0.177710,48.968,48.583,49.353,3
0.178241,49.160,48.198,50.123,6
0.178773,49.353,47.812,50.894,9
0.179304,49.738,47.812,51.664,11
0.179836,50.123,48.198,52.049,11
0.180367,50.508,48.198,52.819,13
0.180899,51.471,48.968,53.975,14
0.181430,52.819,51.279,54.360,9
0.181962,53.975,52.434,55.515,9
0.182493,54.553,52.434,56.671,12
0.183025,54.167,52.049,56.286,12
0.183556,53.590,52.049,55.130,9
0.184088,54.167,53.975,54.360,2
0.185682,51.857,51.279,52.434,4
0.186214,52.049,50.508,53.590,9
0.186745,52.049,50.123,53.975,11
0.187277,52.242,50.123,54.360,12
0.187808,53.782,49.738,57.826,22
0.188340,55.323,50.123,60.522,28
0.188871,57.056,50.123,63.989,37
0.189403,59.367,50.508,68.225,47
0.189934,61.678,52.434,70.921,49
0.190466,64.374,55.515,73.232,47
0.190997,67.263,58.597,75.928,46
0.191529,69.381,61.293,77.469,43
0.192060,71.692,64.759,78.625,37
0.192592,75.158,68.996,81.321,33
0.193123,76.699,71.307,82.091,29
0.193655,76.891,73.618,80.165,18
0.194186,77.854,76.314,90.179,15
0.194718,89.024,86.713,91.335,13
0.195249,88.061,84.402,91.720,20
0.195781,87.676,83.631,91.720,22
0.196312,88.061,84.402,91.720,20
0.196844,85.942,80.165,91.720,31
0.197375,85.172,78.625,91.720,35
0.197907,82.091,72.077,91.335,49
0.198438,75.736,67.455,84.017,44
0.201627,14.304,6.216,22.392,43
0.202159,10.838,3.135,18.541,41
0.202690,8.142,2.365,13.919,31
0.203222,5.831,2.365,9.297,19
0.203753,4.290,2.365,6.216,11
0.204285,3.905,2.365,5.446,9
0.204816,3.327,2.750,3.905,4
0.205348,2.942,2.750,3.135,2
0.205879,2.750,2.365,3.135,3
0.206942,2.942,2.750,3.135,2
0.207474,3.135,2.750,3.520,3
0.208005,3.327,2.750,3.905,4
0.208537,3.520,2.750,4.290,5
0.209068,3.520,2.750,4.290,5
0.209600,3.520,2.750,4.290,5
0.210131,3.327,0.054,3.905,6
0.210663,3.327,0.054,3.905,6
0.211194,3.520,0.054,3.905,5
0.211726,3.713,0.054,4.290,6
0.212257,3.713,-0.331,4.290,7
0.212789,-0.331,-1.102,4.290,9
0.213320,-0.524,-1.487,3.905,9
0.213852,-0.717,-1.872,0.439,7
0.214383,-0.717,-2.257,0.824,9
0.214915,-0.717,-2.257,0.824,9
0.215446,-0.717,-2.257,0.824,9
0.215978,-0.524,-1.872,0.824,8
0.216509,-0.331,-1.487,0.824,7
0.217041,-0.331,-1.487,0.824,7
0.217572,-0.524,-1.872,0.824,8
0.218104,-0.524,-1.872,0.824,8
0.218635,-0.909,-2.257,0.439,8
0.219167,-0.717,-2.257,0.824,9
0.219698,-0.909,-2.257,0.439,8
0.220230,-0.717,-1.872,0.439,7
0.220761,-0.524,-1.487,0.439,6
0.221293,-0.331,-1.102,0.439,5
0.221824,-0.524,-1.487,0.439,6
0.222356,-0.909,-2.257,0.439,8
0.222887,-1.679,-3.413,0.054,10
0.223419,-2.065,-3.798,-0.331,10
0.223950,-2.450,-4.183,-0.717,10
0.224482,-2.835,-4.568,-1.102,10
0.225013,-3.028,-4.568,-1.487,9
0.225545,-3.413,-4.568,-2.257,7
0.226076,-3.605,-4.568,-2.642,6
0.226608,-3.605,-4.568,-2.642,6
0.227139,-3.798,-4.953,-2.642,7
0.227671,-3.798,-4.953,-2.642,7
0.228202,-3.798,-4.953,-2.642,7
0.228734,-4.183,-5.724,-2.642,9
0.229265,-4.376,-5.724,-3.028,8
0.229797,-4.761,-6.109,-3.413,8
0.230328,-5.146,-6.494,-3.798,8
0.230860,-5.338,-6.494,-4.183,7
0.231391,-5.531,-6.494,-4.568,6
0.231923,-5.916,-6.879,-4.953,6
0.232454,-5.916,-6.879,-4.953,6
0.232986,-6.301,-6.879,-5.724,4
0.233517,-6.301,-6.494,-6.109,2
0.235112,-3.605,-4.183,-3.028,4
0.235643,-3.798,-4.953,-2.642,7
0.236175,-3.990,-5.338,-2.642,8
0.236706,-3.798,-4.953,-2.642,7
0.237238,-3.605,-4.568,-2.642,6
0.237769,-3.605,-4.568,-2.642,6
0.238301,-3.990,-4.953,-3.028,6
0.238832,-3.990,-4.953,-3.028,6
0.239364,-4.376,-4.953,-3.798,4
0.241490,-3.798,-4.183,-3.413,3
0.242021,-4.568,-5.724,-3.413,7
0.242552,-4.761,-5.724,-3.798,6
0.243084,-4.761,-5.724,-3.798,6
0.243615,-4.761,-5.724,-3.798,6
0.244147,-4.761,-5.724,-3.798,6
0.244678,-4.761,-5.724,-3.798,6
0.245210,-4.761,-5.724,-3.798,6
0.245741,-4.761,-5.724,-3.798,6
0.246273,-4.761,-5.724,-3.798,6
0.246804,-4.761,-5.724,-3.798,6
0.247336,-4.953,-6.109,-3.798,7
0.247867,-5.338,-6.494,-4.183,7
0.248399,-5.338,-6.494,-4.183,7
0.248930,-5.724,-6.879,-4.568,7
0.249462,-5.916,-6.879,-4.953,6
0.249993,-6.109,-7.264,-4.953,7
0.250525,-6.494,-7.649,-5.338,7
0.251056,-6.494,-7.649,-5.338,7
0.251588,-6.686,-7.649,-5.724,6
0.252119,-6.686,-7.649,-5.724,6
0.252651,-6.686,-7.649,-5.724,6
0.253182,-6.686,-7.649,-5.724,6
0.253714,-6.879,-7.649,-6.109,5
0.254245,-6.879,-7.649,-6.109,5
0.254777,-7.072,-7.649,-6.494,4
0.257966,-7.264,-8.034,-6.494,5
0.258497,-7.072,-8.034,-6.109,6
0.259029,3.135,-8.034,14.304,59
0.259560,11.608,-8.034,31.251,103
0.260092,12.186,-8.034,38.569,108
0.260623,12.764,-8.034,41.265,116
0.261155,13.341,-8.034,42.035,118
0.261686,15.267,-5.338,42.035,108
0.262218,26.822,17.771,35.873,48
0.262749,36.065,35.488,36.643,4
0.263281,37.413,35.873,38.954,9
0.263812,37.991,36.258,39.724,10
0.264344,39.724,38.954,40.495,5
0.265938,31.444,25.859,37.028,30
0.266470,31.636,25.474,37.799,33
0.267001,32.021,25.474,38.569,35
0.267533,34.717,25.474,43.961,49
0.268064,34.910,25.859,60.908,62
0.268596,35.295,26.629,70.536,91
0.269127,36.836,30.481,71.307,85
0.269659,66.107,36.258,71.692,75
0.270190,51.857,39.724,71.692,67
0.270722,52.049,45.502,71.692,59
0.271253,52.242,45.116,71.692,62
0.271785,52.627,45.116,70.536,61
0.272316,52.434,45.116,66.300,49
0.272848,50.894,45.116,56.671,31
0.273379,47.235,45.116,49.353,12
0.273911,47.042,45.116,48.968,11
0.274442,47.042,45.502,48.583,9
0.274974,57.826,56.671,58.982,7
0.275505,59.367,53.975,64.759,29
0.276037,58.019,50.508,65.529,40
0.276568,56.863,48.198,65.529,46
0.277100,55.515,45.502,65.529,53
0.277631,55.515,45.502,65.529,53
0.278163,55.515,42.805,65.529,55
0.278694,55.130,42.420,64.374,52
0.279226,49.546,42.420,53.205,23
0.279757,46.850,42.420,47.812,9
0.280289,47.042,42.805,48.198,9
0.280820,47.427,42.805,48.968,11
0.281352,47.427,42.805,48.968,11
0.281883,47.427,42.035,48.968,13
0.282415,47.620,41.650,49.353,16
0.282946,48.005,41.650,50.123,18
0.283478,48.005,41.650,50.123,18
0.284009,48.390,42.035,50.508,17
0.284541,48.390,42.420,50.508,16
0.285072,54.938,46.272,63.604,46
0.285604,59.174,46.272,72.077,68
0.286135,59.560,46.272,72.847,70
0.286667,59.752,46.657,72.847,69
0.287198,59.752,46.657,72.847,69
0.287730,60.522,48.198,72.847,65
0.288261,60.330,48.198,72.462,64
0.288793,58.597,47.042,70.151,61
0.289324,51.664,47.042,56.286,25
0.289856,49.353,46.657,52.049,15
0.290387,49.353,47.042,51.664,13
0.290919,49.160,47.042,51.279,12
0.291450,48.968,47.042,50.894,11
0.291982,48.968,47.042,50.894,11
0.292513,48.968,47.427,50.508,9
0.293045,48.968,47.427,50.508,9
0.293576,48.775,47.427,50.123,8
0.294108,48.583,47.427,49.738,7
0.294639,48.775,47.427,50.123,8
0.295171,48.968,47.812,50.123,7
0.295702,49.353,47.812,50.894,9
0.296234,49.738,48.198,51.279,9
0.296765,49.931,48.198,51.664,10
0.297297,50.123,48.583,51.664,9
0.297828,50.123,48.968,51.279,7
0.298360,50.316,45.887,51.279,8
0.298891,55.130,45.887,60.522,31
0.299423,61.100,45.887,71.692,59
0.299954,62.063,46.657,72.847,59
0.300486,62.448,51.664,73.232,57
0.301017,62.448,51.664,73.232,57
0.301549,62.833,52.434,73.232,55
0.302080,63.026,52.819,73.232,54
0.302612,62.641,52.819,72.462,52
0.303143,59.945,54.360,65.529,30
0.303675,56.863,50.123,58.597,12
0.304206,49.931,48.968,56.671,9
0.304738,49.353,47.427,51.279,11
0.305269,49.353,46.657,52.049,15
0.305801,49.353,46.657,52.049,15
0.306332,49.353,44.346,53.205,21
0.306864,50.123,44.346,54.745,25
0.307395,51.279,44.731,55.515,25
0.307927,51.471,44.731,55.515,24
0.308458,51.664,47.812,55.515,21
0.308990,51.857,48.198,55.515,20
0.309521,52.049,48.968,55.130,17
0.310053,52.242,50.123,54.360,12
0.310584,52.242,51.279,53.205,6
0.313773,51.471,49.353,53.590,12
0.314305,50.508,43.191,57.826,39
0.314836,51.857,43.576,60.137,44
0.315368,52.627,43.961,71.307,57
0.315899,53.782,43.961,71.692,58
0.316431,44.731,23.933,72.077,112
0.316962,43.191,19.696,66.685,123
0.317493,42.998,17.771,68.225,132
0.318025,41.843,13.534,70.151,148
0.318556,40.109,10.838,69.381,153
0.319088,27.207,10.068,44.346,90
0.319619,16.230,10.068,22.392,33
0.320151,14.497,9.682,19.311,26
0.322808,12.764,10.453,15.075,13
0.323340,12.379,9.682,15.075,15
0.323871,10.068,5.061,15.075,27
0.324403,8.720,-1.872,14.689,38
0.324934,8.527,-4.953,13.919,43
0.325466,7.949,-5.724,12.379,42
0.325997,7.372,-6.494,11.223,41
0.326529,-2.835,-6.879,8.912,36
0.327060,-2.835,-6.879,1.209,22
0.327592,-4.761,-7.264,-1.872,14
0.328123,-4.953,-6.879,-3.028,11
0.328655,-4.953,-6.879,-3.028,11
0.329186,-3.990,-6.494,-1.487,14
0.329718,-2.835,-5.724,0.054,16
0.330249,-1.872,-4.953,1.209,17
0.330781,-1.294,-4.183,1.594,16
0.331312,-1.102,-3.798,1.594,15
0.331844,-0.909,-3.028,1.209,12
0.333970,-2.065,-4.183,0.439,12
0.334501,-1.679,-4.568,1.209,16
0.335033,-1.487,-4.183,1.209,15
0.335564,-1.294,-3.798,1.209,14
0.336096,-1.102,-3.413,1.209,13
0.336627,-0.524,-2.257,1.209,10
0.337159,-0.139,-1.487,1.209,8
0.337690,-0.139,-1.487,1.209,8
0.338222,4.676,-1.487,5.831,14
0.338753,5.446,-1.487,7.372,18
0.339285,5.638,-1.487,7.757,19
0.339816,5.831,-1.102,8.142,19
0.340348,5.831,-0.717,8.142,18
0.340879,5.638,3.520,7.757,12
0.341411,5.446,0.439,7.372,13
0.341942,4.868,-1.102,6.216,14
0.342474,-1.487,-3.413,3.905,14
0.343005,-1.679,-3.798,0.439,12
0.343537,-1.872,-4.183,4.676,18
0.344068,-2.065,-4.568,5.061,20
0.344600,-3.028,-6.109,5.446,24
0.345131,-3.220,-6.494,5.446,25
0.345663,-3.413,-6.879,5.446,26
0.346194,-3.413,-6.879,5.061,25
0.346726,-3.605,-6.879,-0.331,18
0.347257,-3.990,-6.494,-1.487,14
0.347789,-3.798,-6.109,-1.487,13
0.348320,-3.413,-5.724,-1.102,13
0.348852,-2.835,-4.953,-0.717,12
0.349383,-2.257,-4.183,-0.331,11
0.349915,-1.872,-3.413,-0.331,9
0.350446,-2.065,-3.413,-0.717,8
0.350978,-2.065,-3.413,-0.717,8
0.351509,-2.257,-3.413,-1.102,7
0.352041,-2.257,-3.413,-1.102,7
0.352572,-2.065,-3.028,-1.102,6
0.353104,-2.065,-2.642,-1.487,4
0.353635,-1.872,-2.257,-1.487,3
0.354167,2.942,0.824,3.905,6
0.354698,3.520,0.824,3.905,5
0.355230,3.713,0.439,4.290,7
0.355761,2.750,0.054,4.290,9
0.356293,1.979,-4.183,4.290,12
0.356824,0.054,-4.953,3.905,11
0.357356,0.439,-5.724,3.520,14
0.357887,-0.524,-6.109,0.824,11
0.358419,-6.301,-6.494,-6.109,2
0.358950,-6.686,-6.879,-6.494,2
0.361076,-4.761,-4.953,-4.568,2
0.361608,-5.146,-5.724,-4.568,4
0.362139,-5.338,-6.109,-4.568,5
0.362671,-5.338,-6.494,-4.183,7
0.363202,-4.953,-6.494,-3.413,9
0.363734,-4.183,-6.109,-2.257,11
0.364265,-3.990,-6.109,-1.872,12
0.364797,-3.413,-5.724,-1.102,13
0.365328,-3.220,-5.338,-1.102,12
0.365860,-3.220,-4.183,-2.257,6
0.370112,-0.524,-3.028,1.979,14
0.370643,0.246,-2.642,3.135,16
0.371175,0.246,-2.642,3.135,16
0.371706,0.439,-2.642,3.520,17
0.372238,-0.331,-3.798,3.135,19
0.372769,-0.717,-4.568,3.135,21
0.373301,1.209,-4.568,6.986,31
0.373832,4.483,-4.953,13.919,50
0.374364,8.527,-4.568,21.622,69
0.374895,11.416,-4.568,27.399,84
0.375427,13.919,-3.798,31.636,93
0.375958,17.963,1.209,34.717,88
0.376490,20.274,4.290,36.258,84
0.377021,34.717,32.792,36.643,10
0.379147,34.717,33.177,36.258,9
0.379679,34.910,33.177,36.643,10
0.380210,35.873,33.177,38.569,15
0.380742,36.836,33.562,40.109,18
0.381273,37.799,33.947,41.650,21
0.381805,38.569,34.332,42.805,23
0.382336,39.147,35.102,43.191,22
0.382868,40.109,37.028,43.191,17
0.383399,40.880,38.954,47.042,16
0.383931,46.657,40.495,48.198,15
0.384462,47.042,41.650,48.968,15
0.384994,47.042,45.116,48.968,11
0.385525,46.850,45.116,48.583,10
0.386057,46.850,45.116,48.583,10
0.386588,47.042,45.116,53.205,17
0.387120,47.235,45.116,53.975,19
0.387651,47.427,45.116,53.975,16
0.388183,47.812,45.502,54.360,16
0.388714,48.583,46.272,50.894,13
0.389246,48.968,46.657,51.279,13
0.389777,48.005,46.657,49.353,8
0.391903,49.931,47.427,52.434,14
0.392434,48.968,45.502,52.434,19
0.392966,48.775,45.502,52.049,18
0.393497,48.583,45.502,51.664,17
0.394029,48.005,45.887,50.123,12
0.394560,47.427,45.887,48.968,9
0.395092,47.235,45.887,48.583,8
0.395623,47.427,45.887,48.968,9
0.396155,47.427,42.805,48.968,12
0.396686,47.235,42.805,48.583,11
0.397218,47.042,42.805,48.198,9
0.397749,42.805,42.035,47.042,8
0.398281,42.805,42.035,43.576,5
0.398812,42.613,41.650,43.576,6
0.399344,42.613,41.650,43.576,6
0.399875,42.613,41.650,43.576,6
0.400407,42.613,41.650,43.576,6
0.400938,42.613,41.650,47.042,9
0.401470,47.812,42.420,49.353,13
0.402001,48.583,46.657,50.508,11
0.402533,49.160,46.657,51.664,14
0.403064,49.353,46.657,52.049,15
0.403596,49.931,47.042,52.819,16
0.404127,50.316,47.427,53.205,16
0.404659,51.857,49.738,53.975,12
0.405190,52.434,50.508,54.360,11
0.405722,52.627,50.894,54.360,10
0.406253,52.627,50.894,54.360,10
0.406785,52.434,50.508,54.360,11
0.407316,51.086,48.583,53.590,14
0.407848,50.701,47.812,53.590,16
0.408379,50.701,47.812,53.590,16
0.408911,50.508,47.812,53.205,15
0.409442,50.316,48.198,52.434,12
0.409974,49.738,48.968,50.508,5
0.410505,49.546,45.502,50.123,6
0.411037,43.961,42.805,50.123,10
0.411568,43.961,42.420,50.123,11
0.412100,43.961,42.035,47.042,11
0.412631,44.731,42.035,47.427,12
0.413163,44.731,42.035,47.427,12
0.413694,45.502,42.420,47.427,11
0.414226,45.694,42.805,47.427,10
0.414757,47.042,43.191,48.198,10
0.415289,47.812,43.576,49.738,13
0.415820,48.005,43.576,50.123,14
0.416352,48.198,45.887,50.508,13
0.416883,48.390,45.887,50.894,14
0.417415,48.775,46.272,54.745,17
0.417946,50.316,48.968,55.130,11
0.418478,55.130,50.894,55.515,6
0.419009,55.323,55.130,55.515,2
0.419541,51.857,51.279,52.434,4
0.420072,51.279,49.738,52.819,9
0.420604,50.894,48.583,53.205,13
0.421135,50.894,48.198,53.590,15
0.421667,50.701,48.198,53.205,14
0.422198,51.086,48.968,53.205,12
0.422730,49.931,49.353,50.508,4
0.423261,46.272,45.887,46.657,3
0.425919,48.390,47.427,49.353,6
0.426450,47.042,44.346,49.738,15
0.426982,46.850,43.961,49.738,16
0.427513,46.079,42.420,49.738,20
0.428045,45.887,42.035,49.738,21
0.428576,45.694,41.650,49.738,22
0.429108,45.502,41.650,49.353,21
0.429639,44.731,41.650,47.812,17
0.430171,44.346,42.035,46.657,13
0.430702,44.539,42.035,47.042,14
0.431234,40.687,33.947,47.427,36
0.431765,38.184,28.940,47.427,49
0.432297,36.643,25.859,47.427,57
0.432828,29.710,21.622,37.799,43
0.433360,22.392,22.007,22.778,3
0.435486,18.926,13.534,24.318,29
0.436017,16.037,11.608,20.467,24
0.436549,13.534,11.223,15.845,13
0.437080,12.764,10.838,14.689,11
0.437612,11.801,10.068,13.534,10
0.438143,10.453,7.757,13.149,15
0.438675,9.105,5.831,12.379,18
0.439206,8.142,4.290,11.993,21
0.439738,7.757,3.905,11.608,21
0.440269,7.372,3.905,10.838,19
0.440801,7.179,4.290,10.068,16
0.441332,5.831,4.290,7.372,9
0.441864,4.868,1.594,5.446,6
0.442395,1.787,1.594,1.979,2
0.442927,1.787,1.594,1.979,2
0.443458,1.594,1.209,1.979,3
0.443990,0.439,-0.717,1.594,7
0.444521,-0.331,-2.257,1.594,11
0.445053,-0.524,-2.642,1.594,12
0.445584,-0.717,-3.028,1.594,13
0.446116,0.439,-0.717,1.594,7
0.448242,-1.872,-3.028,-0.717,7
