t_s,H_m,H_boundary_m
0.00000000,23.036370911,23.033428949
0.00043945,23.036665107,23.034018680
0.00087891,23.036960574,23.034645149
0.00131836,23.037850701,23.035312349
0.00175781,23.038291838,23.036023062
0.00219727,23.039190549,23.036781885
0.00263672,23.039763829,23.037592570
0.00307617,23.040752298,23.038460652
0.00351563,23.041470482,23.039391014
0.00395508,23.042519959,23.040390333
0.00439453,23.043395387,23.041465049
0.00483398,23.044590558,23.042623513
0.00527344,23.045648819,23.043874107
0.00571289,23.046972857,23.045227320
0.00615234,23.048242230,23.046694254
0.00659180,23.049791066,23.048288495
0.00703125,23.051317099,23.050024741
0.00747070,23.053096013,23.051920732
0.00791016,23.054933588,23.053996318
0.00834961,23.057064385,23.056275329
0.00878906,23.059294947,23.058784816
0.00922852,23.061825397,23.061557218
0.00966797,23.064554329,23.064630268
0.01010742,23.067662673,23.068049416
0.01054688,23.071043811,23.071868225
0.01098633,23.074866278,23.076151696
0.01142578,23.079112398,23.080978064
0.01186523,23.083956212,23.086443384
0.01230469,23.089384813,23.092665103
0.01274414,23.095591954,23.099789553
0.01318359,23.102674481,23.107999735
0.01362305,23.110879333,23.117528055
0.01406250,23.120357971,23.128671601
0.01450195,23.131457207,23.141816620
0.01494141,23.144534124,23.157471441
0.01538086,23.160137812,23.176316904
0.01582031,23.178883914,23.199279564
0.01625977,23.201726547,23.227647992
0.01669922,23.229931376,23.263254784
0.01713867,23.265345268,23.308777212
0.01757812,23.310572817,23.368245611
0.01801758,23.369626532,23.447951897
0.01845703,23.448725216,23.558145225
0.01889648,23.558014267,23.716403180
0.01933594,23.714796547,23.954826811
0.01977539,23.950709338,24.336843541
0.02021484,24.328117872,25.000957995
0.02065430,24.982900132,26.291206521
0.02109375,26.251535190,29.213432444
0.02153320,29.114583455,37.273792574
0.02197266,36.979187843,63.236484220
0.02241211,62.247740565,65.435422267
0.02285156,66.350735363,67.459816678
0.02329102,66.900793316,66.406787832
0.02373047,66.289227292,66.162982851
0.02416992,65.887608401,65.558599685
0.02460937,66.445133879,67.337943889
0.02504883,66.838188884,66.389894024
0.02548828,66.312504463,66.227583227
0.02592773,65.968443350,65.663252093
0.02636719,66.447882355,67.237940470
0.02680664,66.785391408,66.377035265
0.02724609,66.333900745,66.284302957
0.02768555,66.038404401,65.752851607
0.02812500,66.451983886,67.155819548
0.02856445,66.742796679,66.367851321
0.02900391,66.353791669,66.334162682
0.02944336,66.099287167,65.830160100
0.02988281,66.457228730,67.088381939
0.03032227,66.708704379,66.361947595
0.03076172,66.372431888,66.378097232
0.03120117,66.152582330,65.897386315
0.03164062,66.463439386,67.033048439
0.03208008,66.681707094,66.358928934
0.03251953,66.390030475,66.416944962
0.03295898,66.199529178,65.956305622
0.03339844,66.470465961,66.987730531
0.03383789,66.660638580,66.358419415
0.03427734,66.406759526,66.451446371
0.03471680,66.241158574,66.008351889
0.03515625,66.478182052,66.950730057
0.03559570,66.644531371,66.360072973
0.03603516,66.422761048,66.482248177
0.03647461,66.278328564,66.054688401
0.03691406,66.486481166,66.920660931
0.03735352,66.632582011,66.363578144
0.03779297,66.438152484,66.509910359
0.03823242,66.311753861,66.096262936
0.03867188,66.495273640,66.896387677
0.03911133,66.624122506,66.368659142
0.03955078,66.453031177,66.534914585
0.03999023,66.342030259,66.133850798
0.04042969,66.504483999,66.876976926
0.04086914,66.618596838,66.375074710
0.04130859,66.467477967,66.557673010
0.04174805,66.369654850,66.168088620
0.04218750,66.514048710,66.861658949
0.04262695,66.615541663,66.382615775
0.04306641,66.481560128,66.578536877
0.04350586,66.395042764,66.199501062
0.04394531,66.523914288,66.849797000
0.04438477,66.614570408,66.391102485
0.04482422,66.495333763,66.597804554
0.04526367,66.418541032,66.228522006
0.04570313,66.534035686,66.840862776
0.04614258,66.615360143,66.400381014
0.04658203,66.508845742,66.615728843
0.04702148,66.440440071,66.255511458
0.04746094,66.544374939,66.834416684
0.04790039,66.617640760,66.410320412
0.04833984,66.522135293,66.632523504
0.04877930,66.460983182,66.280769065
0.04921875,66.554900018,66.830091919
0.04965820,66.621186029,66.420809636
0.05009766,66.535235307,66.648369005
0.05053711,66.480374455,66.304545037
0.05097656,66.565583886,66.827581584
0.05141602,66.625806210,66.431754820
0.05185547,66.548173424,66.663417523
0.05229492,66.498785313,66.327048947
0.05273438,66.576403701,66.826628205
0.05317383,66.631341894,66.443076757
0.05361328,66.560972600,66.677796770
0.05405273,66.516358348,66.348454368
0.05449219,66.587333036,66.827004198
0.05493164,66.637631443,66.454666858
0.05537109,66.573560897,66.691478692
0.05581055,66.532958487,66.368541895
0.05625000,66.597754978,66.827705474
0.05668945,66.643394355,66.464963984
0.05712891,66.584071693,66.702289740
0.05756836,66.546167572,66.384640133
0.05800781,66.604889449,66.825808968
0.05844727,66.646148732,66.471884719
0.05888672,66.591103445,66.709496389
0.05932617,66.555895809,66.397320964
0.05976563,66.609609234,66.822514467
0.06020508,66.647237581,66.476937940
0.06064453,66.596038214,66.714377410
0.06108398,66.563125082,66.407285270
0.06152344,66.612214639,66.817717244
0.06196289,66.646375364,66.479641714
0.06240234,66.598290738,66.716238510
0.06284180,66.567069722,66.413659206
0.06328125,66.611663843,66.810205631
0.06372070,66.642303873,66.478685293
0.06416016,66.596492273,66.713655159
0.06459961,66.566203061,66.414821592
0.06503906,66.606133410,66.797955505
0.06547852,66.632877360,66.471798597
0.06591797,66.588219198,66.704054440
0.06635742,66.557738021,66.407780437
0.06679688,66.592301562,66.777320076
0.06723633,66.614151286,66.454741432
0.06767578,66.568857350,66.682457498
0.06811523,66.536208476,66.386597622
0.06855469,66.563561414,66.741037513
0.06899414,66.578114480,66.418768060
0.06943359,66.528699772,66.638221628
0.06987305,66.489716227,66.338156523
0.07031250,66.505111157,66.672666014
0.07075195,66.506188314,66.343222858
0.07119141,66.444224390,66.545048075
0.07163086,66.388047983,66.228461198
0.07207031,66.377482305,66.527454567
0.07250977,66.345941935,66.168282052
0.07294922,66.244416008,66.321187831
0.07338867,66.132609964,65.942830510
0.07382813,66.039548767,66.139152814
0.07426758,65.887454391,65.642844742
0.07470703,65.600602384,65.565523244
0.07514648,65.172364971,64.791655419
0.07558594,64.487805293,64.216209865
0.07602539,63.152952786,62.159415768
0.07646484,60.435169173,58.838971317
0.07690430,55.210407165,51.784187884
0.07734375,46.105280660,40.665482293
0.07778320,32.547846197,24.580931130
0.07822266,16.341914526,8.043063391
0.07866211,1.448256843,-5.376829405
0.07910156,-9.120168988,-13.040400589
0.07954102,-9.120973497,-13.475487735
0.07998047,-9.122095754,-10.230085972
0.08041992,-9.122288952,-12.127272955
0.08085937,-9.122697349,-10.008377301
0.08129883,-9.122770607,-11.777694916
0.08173828,-9.122983610,-9.767181390
0.08217773,-9.123023752,-11.461218762
0.08261719,-9.123158273,-9.664072816
0.08305664,-9.123183072,-11.259559271
0.08349609,-9.123276848,-9.582955262
0.08393555,-9.123293834,-11.101284956
0.08437500,-9.123363638,-9.528761618
0.08481445,-9.123375986,-10.976431731
0.08525391,-9.123430379,-9.486669358
0.08569336,-9.123439781,-10.874655353
0.08613281,-9.123483492,-9.453930747
0.08657227,-9.123490912,-10.784684310
0.08701172,-9.123526994,-9.427832147
0.08745117,-9.123533006,-10.709070050
0.08789062,-9.123563433,-9.406204092
0.08833008,-9.123568411,-10.644902714
0.08876953,-9.123594508,-9.387968570
0.08920898,-9.123598703,-10.589300249
0.08964844,-9.123621398,-9.372506461
0.09008789,-9.123624988,-10.540331871
0.09052734,-9.123644952,-9.359300370
0.09096680,-9.123648066,-10.496734151
0.09140625,-9.123665798,-9.347968462
0.09184570,-9.123668531,-10.457551221
0.09228516,-9.123684414,-9.338208871
0.09272461,-9.123686836,-10.422069591
0.09316406,-9.123701165,-9.329787622
0.09360352,-9.123703333,-10.389719624
0.09404297,-9.123716343,-9.322502688
0.09448242,-9.123718298,-10.360055783
0.09492188,-9.123730175,-9.316184395
0.09536133,-9.123731952,-10.332716028
0.09580078,-9.123742850,-9.310690950
0.09624023,-9.123744475,-10.307406826
0.09667969,-9.123754519,-9.305906374
0.09711914,-9.123756014,-10.283884030
0.09755859,-9.123765307,-9.301732902
0.09799805,-9.123766691,-10.261945779
0.09843750,-9.123775320,-9.298089811
0.09887695,-9.123776606,-10.241420904
0.09931641,-9.123784647,-9.294907901
0.09975586,-9.123785847,-10.222164758
0.10019531,-9.123793361,-9.292127598
0.10063477,-9.123794487,-10.204052907
0.10107422,-9.123801527,-9.289697625
0.10151367,-9.123802586,-10.186977863
0.10195313,-9.123809201,-9.287574356
0.10239258,-9.123810200,-10.170845780
0.10283203,-9.123816429,-9.285720439
0.10327148,-9.123817375,-10.155574776
0.10371094,-9.123823253,-9.284104128
0.10415039,-9.123824152,-10.141092735
0.10458984,-9.123829710,-9.282698096
0.10502930,-9.123830565,-10.127336151
0.10546875,-9.123835831,-9.281478990
0.10590820,-9.123836646,-10.114248521
0.10634766,-9.123841644,-9.280426542
0.10678711,-9.123842424,-10.101779531
0.10722656,-9.123847174,-9.279522974
0.10766602,-9.123847922,-10.089884035
0.10810547,-9.123852445,-9.278752579
0.10854492,-9.123853162,-10.078521353
0.10898438,-9.123857474,-9.278101504
0.10942383,-9.123858164,-10.067654635
0.10986328,-9.123862281,-9.277557506
0.11030273,-9.123862946,-10.057250479
0.11074219,-9.123866882,-9.277109808
0.11118164,-9.123867522,-10.047278509
0.11162109,-9.123871290,-9.276748899
0.11206055,-9.123871908,-10.037711095
0.11250000,-9.123875518,-9.276466413
0.11293945,-9.123876117,-10.028523012
0.11337891,-9.123879580,-9.276254962
0.11381836,-9.123880159,-10.019691212
0.11425781,-9.123883485,-9.276108034
0.11469727,-9.123884046,-10.011194538
0.11513672,-9.123887243,-9.276019856
0.11557617,-9.123887788,-10.003013549
0.11601562,-9.123890863,-9.275985318
0.11645508,-9.123891392,-9.995130299
0.11689453,-9.123894354,-9.275999863
0.11733398,-9.123894869,-9.987528202
0.11777344,-9.123897723,-9.276059436
0.11821289,-9.123898224,-9.980191865
0.11865234,-9.123900977,-9.276160399
0.11909180,-9.123901465,-9.973106991
0.11953125,-9.123904123,-9.276299493
0.11997070,-9.123904598,-9.966260250
0.12041016,-9.123907166,-9.276473774
0.12084961,-9.123907629,-9.959639208
0.12128906,-9.123910112,-9.276680588
0.12172852,-9.123910564,-9.953232225
0.12216797,-9.123912966,-9.276917511
0.12260742,-9.123913408,-9.947028397
0.12304688,-9.123915733,-9.277182338
0.12348633,-9.123916164,-9.941017471
0.12392578,-9.123918416,-9.277473025
0.12436523,-9.123918838,-9.935189802
0.12480469,-9.123921021,-9.277787679
0.12524414,-9.123921434,-9.929536270
0.12568359,-9.123923551,-9.278124498
0.12612305,-9.123923955,-9.924048233
0.12656250,-9.123926009,-9.278481750
0.12700195,-9.123926405,-9.918717444
0.12744141,-9.123928399,-9.278857706
0.12788086,-9.123928787,-9.913535978
0.12832031,-9.123930724,-9.279250570
0.12875977,-9.123931105,-9.908496099
0.12919922,-9.123932987,-9.279658338
0.12963867,-9.123933360,-9.903590070
0.13007813,-9.123935190,-9.280078524
0.13051758,-9.123935556,-9.898809582
0.13095703,-9.123937337,-9.280506244
0.13139648,-9.123937696,-9.894139494
0.13183594,-9.123939428,-9.280911374
0.13227539,-9.123939780,-9.889478095
0.13271484,-9.123941461,-9.280955033
0.13315430,-9.123941791,-9.882582845
0.13359375,-9.123943383,-9.274493679
0.13403320,-9.123943501,-9.856708481
0.13447266,-9.123944660,-9.178546010
0.13491211,-9.123943840,-9.666052084
0.13535156,-9.123943399,-8.739977195
0.13579102,-9.123941119,-8.918850898
0.13623047,-9.123938953,-8.077295063
0.13666992,-9.123933042,-8.152584059
0.13710938,-9.123925302,-6.577838883
0.13754883,-9.123914506,-6.005846944
0.13798828,-9.123901479,-5.138352858
0.13842773,-9.123884847,-4.802308816
0.13886719,-9.123864869,-4.257059397
0.13930664,-9.123822154,-4.066321401
0.13974609,-9.123747346,-0.468455784
0.14018555,-9.123625082,1.454896146
0.14062500,-9.123376511,1.501239568
0.14106445,-9.122671307,1.935459613
0.14150391,-9.101624245,1.846290496
0.14194336,12.876395045,23.904449641
0.14238281,34.329666823,45.307395107
0.14282227,45.262521679,45.785116642
0.14326172,45.945986991,46.141605715
0.14370117,45.995377303,45.857750522
0.14414062,45.894649244,45.926838067
0.14458008,45.885435971,45.837297252
0.14501953,45.993007518,46.153192174
0.14545898,46.013374195,45.880220617
0.14589844,45.917980336,45.951542402
0.14633789,45.904027194,45.850628983
0.14677734,45.991927154,46.137266346
0.14721680,46.001387492,45.871208704
0.14765625,45.912409710,45.949448641
0.14809570,45.903856171,45.852756759
0.14853516,45.990786566,46.132457458
0.14897461,46.006912804,45.886631649
0.14941406,45.931903295,45.973568527
0.14985352,45.926637682,45.874878322
0.15029297,46.004907009,46.138314102
0.15073242,46.017615133,45.901665082
0.15117188,45.948164469,45.991342917
0.15161133,45.942868396,45.890016100
0.15205078,46.013283716,46.139639979
0.15249023,46.023811914,45.912274449
0.15292969,45.960175472,46.005011049
0.15336914,45.955695367,45.902401291
0.15380859,46.019983630,46.140408789
0.15424805,46.029198940,45.921890505
0.15468750,45.971023210,46.017322145
0.15512695,45.967483645,45.914016731
0.15556641,46.026629177,46.141868107
0.15600586,46.034933958,45.931563115
0.15644531,45.981728447,46.029265171
0.15688477,45.979162578,45.925735187
0.15732422,46.034010535,46.144718524
0.15776367,46.041803347,45.942155126
0.15820312,45.993238740,46.041875131
0.15864258,45.991785420,45.938634321
0.15908203,46.043179856,46.149982743
0.15952148,46.050936312,45.954894891
0.15996094,46.006890975,46.056599205
0.16040039,46.006861002,45.954288694
0.16083984,46.055749133,46.159305459
0.16127930,46.064141147,45.971746403
0.16171875,46.024832531,46.075767567
0.16215820,46.026885515,45.975361394
0.16259766,46.074554850,46.175689295
0.16303711,46.084736075,45.996332606
0.16347656,46.051065227,46.103754843
0.16391602,46.056660347,46.007073824
0.16435547,46.105335734,46.205373978
0.16479492,46.119714267,46.036376841
0.16523438,46.094280688,46.150195925
0.16567383,46.107060410,46.061506414
0.16611328,46.161827652,46.263694091
0.16655273,46.186779346,46.111865955
0.16699219,46.177821091,46.241662099
0.16743164,46.209534804,46.174789616
0.16787109,46.287415140,46.400996094
0.16831055,46.346829713,46.293930630
0.16875000,46.385841004,46.475343406
0.16918945,46.470093985,46.462945892
0.16962891,46.585253702,46.710830763
0.17006836,46.636973932,46.567709148
0.17050781,46.607124550,46.645452973
0.17094727,46.602276088,46.553663849
0.17138672,46.699702840,46.841303013
0.17182617,46.878851087,46.914575192
0.17226563,47.089464281,47.265719465
0.17270508,47.269634639,47.279401066
0.17314453,47.340729252,47.405810534
0.17358398,47.352562211,47.291019587
0.17402344,47.532878652,47.755551612
0.17446289,48.071362494,48.374352309
0.17490234,48.829780274,49.296045932
0.17534180,49.365980273,49.463040150
0.17578125,49.402362046,49.353241605
0.17622070,49.248831796,49.126296246
0.17666016,49.446414338,49.741683537
0.17709961,50.091115819,50.440703327
0.17753906,50.707477402,50.999788589
0.17797852,50.855462361,50.719839476
0.17841797,50.886791301,51.013739864
0.17885742,51.704837763,52.329274044
0.17929687,53.757868014,55.151350940
0.17973633,56.398421657,57.689832361
0.18017578,58.143283514,58.694193035
0.18061523,58.081885680,57.521568556
0.18105469,57.129374814,56.692489154
0.18149414,57.054735985,57.343576807
0.18193359,58.303108715,59.260928284
0.18237305,59.509388321,59.830706154
0.18281250,59.369991440,58.943506515
0.18325195,58.691386023,58.362349097
0.18369141,59.519693317,60.554623357
0.18413086,62.598584730,64.595330072
0.18457031,66.443496512,68.375248807
0.18500977,68.636550301,69.044919038
0.18544922,68.111802186,67.249266739
0.18588867,66.393972399,65.461343659
0.18632813,66.228175362,66.835044763
0.18676758,69.060168473,71.166782282
0.18720703,74.028484410,76.886708107
0.18764648,78.956417992,81.128553386
0.18808594,81.884016087,82.795825358
0.18852539,81.856310547,81.057807776
0.18896484,79.249066152,77.481698489
0.18940430,75.990462708,74.406071292
0.18984375,74.568893631,74.571645266
0.19028320,76.147132503,77.604077816
0.19072266,79.886514014,82.141400104
0.19116211,84.083250720,86.063289554
0.19160156,87.525232635,89.054256415
0.19204102,89.668826103,90.374167498
0.19248047,90.063940431,89.868267103
0.19291992,88.295992378,86.824823566
0.19335938,84.687796703,82.571274282
0.19379883,80.795222616,78.934787019
0.19423828,78.554363428,78.041367722
0.19467773,78.797554674,79.456007116
0.19511719,80.819003368,82.162928575
0.19555664,83.121893756,84.142573483
0.19599609,84.177479930,84.348758616
0.19643555,82.570053640,80.999667264
0.19687500,76.963176639,73.176635559
0.19731445,66.647349113,60.329101221
0.19775391,52.450816132,44.657562805
0.19819336,36.802589247,28.873225667
0.19863281,22.692334644,16.317026871
0.19907227,12.305833908,8.073329958
0.19951172,6.072863697,3.903765725
0.19995117,2.972469350,1.944326787
0.20039063,1.661467281,1.332526964
0.20083008,1.198321211,1.045723781
0.20126953,1.071058991,1.091562217
0.20170898,1.031280948,0.970491283
0.20214844,1.002005239,1.032168212
0.20258789,0.998275084,0.963154046
0.20302734,1.015883413,1.069376748
0.20346680,1.018586373,0.968949803
0.20390625,1.001264103,1.032835270
0.20434570,0.998273542,0.962756429
0.20478516,1.011692820,1.061416382
0.20522461,1.009874834,0.959401328
0.20566406,0.989613547,1.019044441
0.20610352,0.984404552,0.948776149
0.20654297,0.996302565,1.044515290
0.20698242,0.994861626,0.946193234
0.20742188,0.976435483,1.005928186
0.20786133,0.972435748,0.938008682
0.20830078,0.984599539,1.031850227
0.20874023,0.983938188,0.936974233
0.20917969,0.966914069,0.996151297
0.20961914,0.963418347,0.929803882
0.21005859,0.975159312,1.021145394
0.21049805,0.974641499,0.929044523
0.21093750,0.958463358,0.987218124
0.21137695,0.955074158,0.922094469
0.21181641,0.966127386,1.010760949
0.21225586,0.965501949,0.921109889
0.21269531,0.949899683,0.978061497
0.21313477,0.946393126,0.913932622
0.21357422,0.956571716,0.999784117
0.21401367,0.955600229,0.912246786
0.21445312,0.940273355,0.967707409
0.21489258,0.936361023,0.904265306
0.21533203,0.945387129,0.987058540
0.21577148,0.943722138,0.901184158
0.21621094,0.928241797,0.954743304
0.21665039,0.923477199,0.891505702
0.21708984,0.930878122,0.970782101
0.21752930,0.927937441,0.885866234
0.21796875,0.911589961,0.936798430
0.21840820,0.905172893,0.872891575
0.21884766,0.910035262,0.947703645
0.21928711,0.904690423,0.862439827
0.21972656,0.886078694,0.909257287
0.22016602,0.876339543,0.842834132
0.22060547,0.876632307,0.910976648
0.22104492,0.866304188,0.822421552
0.22148438,0.842116280,0.861454086
0.22192383,0.824804384,0.787703238
0.22236328,0.814950760,0.842866095
0.22280273,0.792120069,0.742330463
0.22324219,0.752149265,0.761892769
0.22368164,0.713652861,0.665293946
0.22412109,0.676375468,0.688380238
0.22456055,0.621456489,0.555555888
0.22500000,0.548464579,0.541029792
0.22543945,0.482521890,0.423147386
0.22587891,0.432288748,0.441319601
0.22631836,0.383624458,0.326349644
0.22675781,0.327100585,0.328145374
0.22719727,0.264197766,0.201339874
0.22763672,0.179516893,0.159857332
0.22807617,0.054365930,-0.049596836
0.22851562,-0.097894893,-0.146597855
0.22895508,-0.242661042,-0.338930356
0.22939453,-0.386446969,-0.431232908
0.22983398,-0.584629274,-0.732781065
0.23027344,-0.881604607,-1.026035956
0.23071289,-1.258708280,-1.490309918
0.23115234,-1.652611766,-1.817382484
0.23159180,-1.998127520,-2.182818424
0.23203125,-2.270467947,-2.360264887
0.23247070,-2.506067487,-2.649956656
0.23291016,-2.780305797,-2.906456477
0.23334961,-3.133435226,-3.357093670
0.23378906,-3.550111082,-3.739344095
0.23422852,-4.045278211,-4.340837103
0.23466797,-4.745476862,-5.131832383
0.23510742,-5.791436339,-6.434382968
0.23554688,-7.138928987,-7.841743385
0.23598633,-8.501356622,-9.177167537
0.23642578,-9.087237100,-9.482263805
0.23686523,-9.100428065,-9.546284925
0.23730469,-9.108796470,-9.369376001
0.23774414,-9.112124769,-9.509775856
0.23818359,-9.114577627,-9.426741373
0.23862305,-9.116051274,-9.485245409
0.23906250,-9.117294551,-9.446822816
0.23950195,-9.118119339,-9.506535205
0.23994141,-9.118861711,-9.465100086
0.24038086,-9.119384525,-9.523617815
0.24082031,-9.119871279,-9.480349912
0.24125977,-9.120229635,-9.535286414
0.24169922,-9.120570305,-9.492245169
0.24213867,-9.120829672,-9.543421283
0.24257813,-9.121080019,-9.501202224
0.24301758,-9.121275488,-9.549367447
0.24345703,-9.121466546,-9.507805443
0.24389648,-9.121618562,-9.553910551
0.24433594,-9.121768816,-9.512592922
0.24477539,-9.121890059,-9.557500439
0.24521484,-9.122011131,-9.516002866
0.24565430,-9.122109858,-9.560401896
0.24609375,-9.122209389,-9.518375063
0.24653320,-9.122291189,-9.562778518
0.24697266,-9.122374394,-9.519967493
0.24741211,-9.122443178,-9.564737542
0.24785156,-9.122513727,-9.520974363
0.24829102,-9.122572307,-9.566353780
0.24873047,-9.122632857,-9.521541550
0.24916992,-9.122683301,-9.567682564
0.24960937,-9.122735818,-9.521778732
0.25004883,-9.122779679,-9.568766897
0.25048828,-9.122825649,-9.521768591
0.25092773,-9.122864115,-9.569641517
0.25136719,-9.122904681,-9.521573673
0.25180664,-9.122938675,-9.570335285
0.25224609,-9.122974729,-9.521241469
0.25268555,-9.123004978,-9.570872650
0.25312500,-9.123037228,-9.520808172
0.25356445,-9.123064310,-9.571274598
0.25400391,-9.123093324,-9.520301459
0.25444336,-9.123117688,-9.571558987
0.25488281,-9.123142036,-9.519437325
0.25532227,-9.123147279,-9.538597089
0.25576172,-9.123100742,-9.215242373
0.25620117,-9.122726747,-8.337525422
0.25664063,-9.120163614,-4.692583019
0.25708008,3.499383172,11.409185928
0.25751953,20.808037922,30.592007423
0.25795898,30.680868452,31.267382483
0.25839844,31.595235538,31.923614537
0.25883789,32.484360752,33.060871066
0.25927734,33.078725909,33.107566403
0.25971680,33.529486257,33.897267279
0.26015625,35.015390277,36.072853644
0.26059570,37.557383312,39.077611054
0.26103516,39.342904096,39.721956163
0.26147461,39.042151081,38.400948262
0.26191406,38.124336897,37.769970895
0.26235352,38.686750482,39.522890878
0.26279297,40.696719859,41.874448845
0.26323242,42.542025299,43.303971256
0.26367188,42.633726184,42.018399750
0.26411133,41.801272465,41.519786581
0.26455078,42.236476440,42.843966898
0.26499023,44.666070711,46.459334187
0.26542969,47.481159843,48.636405840
0.26586914,47.776996344,47.035190888
0.26630859,46.031108548,44.951914315
0.26674805,45.802843814,46.488232171
0.26718750,48.583923393,50.649964911
0.26762695,51.714629898,52.963084678
0.26806641,51.392778317,49.966725182
0.26850586,48.541082042,47.048855619
0.26894531,46.987985212,46.827157954
0.26938477,47.200270539,47.607227322
0.26982422,46.747161601,45.943287533
0.27026367,45.328898905,44.668255072
0.27070312,44.803008403,44.878011356
0.27114258,45.326218553,45.800830893
0.27158203,45.332586821,44.905879558
0.27202148,44.620151540,44.305575556
0.27246094,44.466714107,44.588124467
0.27290039,45.006450504,45.446708547
0.27333984,45.118345339,44.823036508
0.27377930,44.656778339,44.469008397
0.27421875,44.613180277,44.726597343
0.27465820,45.104032661,45.500602756
0.27509766,45.222119345,44.971966646
0.27553711,44.848429862,44.706720141
0.27597656,44.828336533,44.923470878
0.27641602,45.267572707,45.629020774
0.27685547,45.368967772,45.134516154
0.27729492,45.025979558,44.901004586
0.27773438,45.003119492,45.080998021
0.27817383,45.400461296,45.735976644
0.27861328,45.485030914,45.257913639
0.27905273,45.156043528,45.038821281
0.27949219,45.126236845,45.190811046
0.27993164,45.492551082,45.809314049
0.28037109,45.565918616,45.345051433
0.28081055,45.248293855,45.137022936
0.28125000,45.213705308,45.268592444
0.28168945,45.557300308,45.860138299
0.28212891,45.625110694,45.411520196
0.28256836,45.320856254,45.216391892
0.28300781,45.285898683,45.334516889
0.28344727,45.613553985,45.905972244
0.28388672,45.679831638,45.474202906
0.28432617,45.390074390,45.292769504
0.28476563,45.357599358,45.402322300
0.28520508,45.674292537,45.959018505
0.28564453,45.741578923,45.543938364
0.28608398,45.465033555,45.373580369
0.28652344,45.433818446,45.474597609
0.28696289,45.740783111,46.019048844
0.28740234,45.811188959,45.622439321
0.28784180,45.549555409,45.464728530
0.28828125,45.521741684,45.559908892
0.28872070,45.821727322,46.094973024
0.28916016,45.897566262,45.718611054
0.28959961,45.652646954,45.575315010
0.29003906,45.630625230,45.667659485
0.29047852,45.926804052,46.196715046
0.29091797,46.011403377,45.843871351
0.29135742,45.786810226,45.718909658
0.29179688,45.775080562,45.813498282
0.29223633,46.072828176,46.342237700
0.29267578,46.172056487,46.018957089
0.29311523,45.974151377,45.919007779
0.29355469,45.979583673,46.022904301
0.29399414,46.286245316,46.558951313
0.29443359,46.407974143,46.273355802
0.29487305,46.245084362,46.206973666
0.29531250,46.276058373,46.328385968
0.29575195,46.600031696,46.880305554
0.29619141,46.753075905,46.641464425
0.29663086,46.634312636,46.617841974
0.29707031,46.699514113,46.764961218
0.29750977,47.048875106,47.340679374
0.29794922,47.241369108,47.156893988
0.29838867,47.175840428,47.185777270
0.29882812,47.289233974,47.375941199
0.29926758,47.700901728,48.029077611
0.29970703,48.051505614,48.077114556
0.30014648,48.374406699,48.642143866
0.30058594,49.267280050,49.854426997
0.30102539,50.832691042,51.822195062
0.30146484,52.134316532,52.507840826
0.30190430,52.295217989,52.118058367
0.30234375,51.835805406,51.535530750
0.30278320,51.716215566,51.881473436
0.30322266,51.863933120,51.856768890
0.30366211,51.835240538,51.803352755
0.30410156,52.041712461,52.231377314
0.30454102,53.162728134,54.056036079
0.30498047,54.951069243,55.863493364
0.30541992,56.371043209,56.933865017
0.30585937,56.770509657,56.632745596
0.30629883,56.741896570,56.818484452
0.30673828,57.345169386,57.826102711
0.30717773,58.771265488,59.717113950
0.30761719,60.128538206,60.596385333
0.30805664,60.424790161,60.298589057
0.30849609,59.928696233,59.534057492
0.30893555,59.938894639,60.282874685
0.30937500,61.053751958,61.815388528
0.30981445,62.272194700,62.791709410
0.31025391,62.314966568,61.885124871
0.31069336,61.545831134,61.174235426
0.31113281,61.403225851,61.587130066
0.31157227,62.020180451,62.505219849
0.31201172,61.537262402,60.733363786
0.31245117,57.915867624,55.283863622
0.31289063,50.835155545,46.507465522
0.31333008,41.556410693,36.626452467
0.31376953,31.982748999,27.256010948
0.31420898,24.048855501,20.698147467
0.31464844,18.824842586,16.826422155
0.31508789,15.914506585,14.941288864
0.31552734,14.122977453,13.289376971
0.31596680,12.614453190,11.931779194
0.31640625,11.256676354,10.570366024
0.31684570,10.109513209,9.639814775
0.31728516,9.131390015,8.613164440
0.31772461,8.342002203,8.058537582
0.31816406,7.774802813,7.490329272
0.31860352,7.206716210,6.937294281
0.31904297,6.376644103,5.822546175
0.31948242,5.442133718,5.048239696
0.31992188,4.758955239,4.461018687
0.32036133,4.214564307,3.985066702
0.32080078,3.345188648,2.725079791
0.32124023,2.128817830,1.523732345
0.32167969,1.095954063,0.643518431
0.32211914,0.511997329,0.375415576
0.32255859,0.003085370,-0.353195002
0.32299805,-0.800924295,-1.242443516
0.32343750,-1.698581121,-2.172838299
0.32387695,-2.241584148,-2.338816838
0.32431641,-2.247645367,-2.180651663
0.32475586,-1.801507851,-1.439363829
0.32519531,-1.043248429,-0.653267894
0.32563477,-0.182262873,0.296431624
0.32607422,0.527728972,0.771594069
0.32651367,1.006028588,1.245930809
0.32695313,1.384213394,1.524188143
0.32739258,1.724787200,1.932536487
0.32783203,1.927966036,1.932083732
0.32827148,1.974138621,2.016813008
0.32871094,2.012122313,2.004469436
0.32915039,2.100100143,2.199055935
0.32958984,2.122344302,2.051514289
0.33002930,2.040029793,2.027235119
0.33046875,1.985736093,1.939799504
0.33090820,2.009327686,2.080846796
0.33134766,1.992213105,1.908448625
0.33178711,1.889220283,1.868224812
0.33222656,1.822725982,1.772537033
0.33266602,1.839134258,1.907251184
0.33310547,1.823751355,1.744687848
0.33354492,1.730266628,1.714093832
0.33398438,1.672844610,1.627061121
0.33442383,1.695693680,1.765672066
0.33486328,1.690120327,1.618765854
0.33530273,1.610588757,1.600819404
0.33574219,1.563976334,1.522874756
0.33618164,1.592756075,1.663898480
0.33662109,1.594826530,1.529764030
0.33706055,1.526136671,1.521099758
0.33750000,1.486782538,1.448501573
0.33793945,1.517573648,1.587847933
0.33837891,1.522887386,1.461764155
0.33881836,1.460367908,1.457733413
0.33925781,1.423829186,1.386232668
0.33969727,1.452621711,1.520140820
0.34013672,1.457418886,1.398350871
0.34057617,1.397540379,1.395635226
0.34101562,1.360823882,1.322554452
0.34145508,1.385325995,1.449124535
0.34189453,1.387898261,1.330115659
0.34233398,1.329459543,1.327828532
0.34277344,1.291793701,1.252534120
0.34321289,1.311219612,1.370858909
0.34365234,1.310211897,1.252829842
0.34409180,1.251283074,1.248888391
0.34453125,1.210609865,1.169338223
0.34497070,1.222919881,1.277394496
0.34541016,1.216053769,1.157815777
0.34584961,1.154054809,1.149577657
0.34628906,1.107700525,1.063070069
0.34672852,1.110044291,1.157880391
0.34716797,1.093896969,1.032890699
0.34760742,1.024721912,1.015992337
0.34804688,0.968131876,0.917780625
0.34848633,0.955507300,0.994102858
0.34892578,0.924352855,0.857492753
0.34936523,0.841565897,0.825253610
0.34980469,0.767929467,0.708392627
0.35024414,0.733217277,0.758946429
0.35068359,0.679394577,0.602672205
0.35112305,0.574844927,0.546814328
0.35156250,0.475888389,0.403029225
0.35200195,0.410775857,0.419476856
0.35244141,0.325700840,0.234708776
0.35288086,0.190526841,0.146333268
0.35332031,0.057154376,-0.033616355
0.35375977,-0.048823281,-0.062771399
0.35419922,-0.180923684,-0.295611618
0.35463867,-0.377313221,-0.457083162
0.35507813,-0.610828955,-0.762217836
0.35551758,-0.894333087,-1.018882776
0.35595703,-1.325443692,-1.620576533
0.35639648,-1.970438871,-2.312115616
0.35683594,-2.763517624,-3.214167430
0.35727539,-3.563633782,-3.919588116
0.35771484,-4.234968878,-4.562337328
0.35815430,-4.677056159,-4.805237134
0.35859375,-4.869252264,-4.940838591
0.35903320,-4.927866574,-4.912194467
0.35947266,-5.045471974,-5.168359940
0.35991211,-5.363092022,-5.544820048
0.36035156,-5.927706654,-6.297668607
0.36079102,-6.733925758,-7.161212147
0.36123047,-7.701148937,-8.241540996
0.36166992,-8.651440355,-9.070056123
0.36210938,-9.079585436,-9.454352381
0.36254883,-9.103210009,-9.459758522
0.36298828,-9.109767269,-9.547687695
0.36342773,-9.113599633,-9.490461235
0.36386719,-9.115544996,-9.552981126
0.36430664,-9.117058050,-9.488436276
0.36474609,-9.117974617,-9.547953466
0.36518555,-9.118780154,-9.481955418
0.36562500,-9.119311527,-9.541115365
0.36606445,-9.119811688,-9.475153565
0.36650391,-9.120158253,-9.534407213
0.36694336,-9.120498865,-9.468630723
0.36738281,-9.120739305,-9.527528470
0.36782227,-9.120964882,-9.457236814
0.36826172,-9.121009351,-9.482852124
0.36870117,-9.120106236,-9.197599666
0.36914062,-9.051734583,-7.813268860
0.36958008,-3.412963260,0.636410919
0.37001953,8.495818551,16.400546571
0.37045898,19.297058797,22.481332013
0.37089844,24.843117135,27.279504851
0.37133789,28.970492897,30.736878893
0.37177734,31.688938174,32.692539411
0.37221680,33.467581237,34.254590446
0.37265625,35.024364537,35.800537421
0.37309570,36.442168408,37.107556453
0.37353516,37.415047026,37.739805023
0.37397461,38.083686119,38.420983950
0.37441406,38.877656386,39.327487203
0.37485352,39.784511955,40.251785603
0.37529297,40.499587818,40.754674614
0.37573242,41.093962965,41.422823741
0.37617187,41.884997255,42.338199352
0.37661133,42.831046615,43.330348994
0.37705078,43.655550053,43.986087575
0.37749023,44.390960688,44.788861086
0.37792969,45.254637070,45.717644070
0.37836914,46.156916058,46.607411373
0.37880859,46.848146005,47.097895743
0.37924805,47.378659402,47.657862355
0.37968750,47.931610963,48.211008345
0.38012695,48.360517911,48.532388726
0.38056641,48.366129442,48.220661326
0.38100586,47.992423536,47.769263610
0.38144531,47.526581193,47.284637322
0.38188477,47.041314302,46.804126349
0.38232422,46.444658911,46.086153532
0.38276367,45.841670972,45.586212717
0.38320313,45.445972919,45.296010496
0.38364258,45.224794774,45.154068042
0.38408203,44.994726818,44.835474182
0.38452148,44.771132997,44.698724709
0.38496094,44.698769606,44.692792302
0.38540039,44.731713993,44.773727530
0.38583984,44.706556844,44.641834379
0.38627930,44.642549940,44.638047527
0.38671875,44.676317991,44.710737036
0.38715820,44.775535717,44.844210153
0.38759766,44.801943790,44.762723201
0.38803711,44.777523539,44.788328385
0.38847656,44.827992757,44.864686517
0.38891602,44.928150961,44.995397340
0.38935547,44.957265679,44.922102419
0.38979492,44.936345030,44.947191833
0.39023438,44.979107264,45.008464332
0.39067383,45.064485554,45.123941184
0.39111328,45.085347747,45.049450852
0.39155273,45.060704611,45.068926018
0.39199219,45.092959897,45.114677700
0.39243164,45.163855390,45.216082204
0.39287109,45.177468916,45.141253193
0.39331055,45.150689461,45.157362622
0.39375000,45.175783131,45.192066440
0.39418945,45.236653453,45.283933383
0.39462891,45.246928229,45.212045995
0.39506836,45.221525454,45.228469987
0.39550781,45.243729461,45.257010831
0.39594727,45.299147530,45.343676022
0.39638672,45.309617981,45.277455195
0.39682617,45.288293691,45.296812408
0.39726563,45.310543572,45.322456583
0.39770508,45.363370158,45.406433765
0.39814453,45.375784693,45.346846983
0.39858398,45.359519532,45.370067310
0.39902344,45.383179984,45.394612921
0.39946289,45.435147064,45.477609827
0.39990234,45.450863811,45.425652872
0.40034180,45.440918049,45.454214416
0.40078125,45.467981766,45.480178222
0.40122070,45.521599929,45.564743261
0.40166016,45.542863823,45.522349297
0.40209961,45.541408668,45.558618676
0.40253906,45.574737647,45.589360991
0.40297852,45.633473824,45.679100719
0.40341797,45.663772359,45.649628392
0.40385742,45.674529041,45.697652464
0.40429688,45.718739046,45.738362337
0.40473633,45.787992708,45.838918609
0.40517578,45.832937878,45.827945954
0.40561523,45.861832456,45.893971027
0.40605469,45.923656326,45.951875020
0.40649414,46.010807212,46.070811190
0.40693359,46.077879049,46.085733576
0.40737305,46.132539349,46.177596608
0.40781250,46.220169258,46.261245409
0.40825195,46.333900451,46.407391047
0.40869141,46.432056853,46.457257129
0.40913086,46.522504826,46.585840415
0.40957031,46.649263592,46.710793644
0.41000977,46.810254716,46.909559349
0.41044922,46.975231346,47.039733061
0.41088867,47.165778421,47.287317991
0.41132812,47.443063159,47.593173764
0.41176758,47.826283683,48.054878076
0.41220703,48.294750261,48.530652056
0.41264648,48.837134152,49.141161495
0.41308594,49.420730926,49.703266336
0.41352539,49.943292452,50.190960299
0.41396484,50.322414704,50.459752934
0.41440430,50.594278075,50.730151693
0.41484375,50.841247607,50.952963413
0.41528320,51.074058474,51.198153156
0.41572266,51.249590672,51.304312638
0.41616211,51.366497649,51.428187494
0.41660156,51.496003602,51.560133419
0.41704102,51.694824513,51.826553483
0.41748047,51.946716327,52.067125283
0.41791992,52.191536536,52.318588252
0.41835938,52.388599686,52.458838718
0.41879883,52.587114157,52.709841006
0.41923828,52.893084774,53.068745827
0.41967773,53.336347914,53.603143841
0.42011719,53.785290290,53.976263501
0.42055664,54.070097841,54.169182651
0.42099609,54.270305657,54.361519126
0.42143555,54.664247772,54.951612670
0.42187500,55.334605503,55.717723983
0.42231445,55.984311779,56.269279207
0.42275391,56.292357728,56.326257749
0.42319336,56.418304694,56.497663316
0.42363281,56.785234284,57.060211595
0.42407227,57.350990240,57.669622889
0.42451172,57.331038021,57.076783427
0.42495117,55.676286973,54.392656009
0.42539063,51.805829012,49.331271642
0.42583008,45.842684756,42.426405950
0.42626953,38.574089153,34.726552578
0.42670898,31.275774524,27.769750753
0.42714844,25.049848786,22.252878183
0.42758789,20.279693267,18.238547562
0.42802734,16.784065251,15.278660158
0.42846680,14.241997538,13.168552483
0.42890625,12.386375047,11.579922686
0.42934570,10.981643171,10.369470133
0.42978516,9.835834841,9.293388034
0.43022461,8.855879826,8.411147240
0.43066406,8.010080173,7.604911556
0.43110352,7.238183854,6.871392996
0.43154297,6.466613760,6.062655606
0.43198242,5.680825337,5.298445923
0.43242188,4.904792434,4.511279183
0.43286133,4.124262271,3.739229904
0.43330078,3.307122211,2.875914091
0.43374023,2.476068839,2.073958223
0.43417969,1.688996265,1.300842247
0.43461914,0.961984032,0.620533639
0.43505859,0.286187928,-0.052705795
0.43549805,-0.299135101,-0.554165039
0.43593750,-0.719127207,-0.894604125
0.43637695,-0.939781410,-0.995028918
0.43681641,-0.969118220,-0.953260664
0.43725586,-0.807749645,-0.671987531
0.43769531,-0.464752662,-0.263667282
0.43813477,-0.010197823,0.242401500
0.43857422,0.458167655,0.675781036
0.43901367,0.891176225,1.108674610
0.43945312,1.283032796,1.460682026
0.43989258,1.610625975,1.765592142
0.44033203,1.843433721,1.925659127
0.44077148,1.995177960,2.066850886
0.44121094,2.106389291,2.147686588
0.44165039,2.183234888,2.221488744
0.44208984,2.209406928,2.199298569
0.44252930,2.200010127,2.200768330
0.44296875,2.189780761,2.178786157
0.44340820,2.178445599,2.179337508
0.44384766,2.144082054,2.109670607
0.44428711,2.095258231,2.080114067
0.44472656,2.060185493,2.039678033
0.44516602,2.034775800,2.030630508
0.44560547,1.995232587,1.960343267
0.44604492,1.947432412,1.933623775
0.44648437,1.916473670,1.898642224
0.44692383,1.897136949,1.896273788
0.44736328,1.865797367,1.835765760
0.44780273,1.827316388,1.818001821
0.44824219,1.805046304,1.791453419
0.44868164,1.793611395,1.796406833
0.44912109,1.770242666,1.744538012
0.44956055,1.739384659,1.733449398
0.45000000,1.723161015,1.712312615
