t_s,H_m
0.00000000,23.033428949
0.00021973,23.033719257
0.00043945,23.034018478
0.00065918,23.034326980
0.00087891,23.034645150
0.00109863,23.034973398
0.00131836,23.035312154
0.00153809,23.035661869
0.00175781,23.036023023
0.00197754,23.036396119
0.00219727,23.036781690
0.00241699,23.037180298
0.00263672,23.037592537
0.00285645,23.038019036
0.00307617,23.038460459
0.00329590,23.038917512
0.00351563,23.039390940
0.00373535,23.039881535
0.00395508,23.040390137
0.00417480,23.040917637
0.00439453,23.041464985
0.00461426,23.042033186
0.00483398,23.042623314
0.00505371,23.043236512
0.00527344,23.043873997
0.00549316,23.044537068
0.00571289,23.045227114
0.00593262,23.045945615
0.00615234,23.046694158
0.00637207,23.047474441
0.00659180,23.048288283
0.00681152,23.049137636
0.00703125,23.050024594
0.00725098,23.050951411
0.00747070,23.051920508
0.00769043,23.052934497
0.00791016,23.053996192
0.00812988,23.055108631
0.00834961,23.056275098
0.00856934,23.057499149
0.00878906,23.058784632
0.00900879,23.060135728
0.00922852,23.061556974
0.00944824,23.063053310
0.00966797,23.064630116
0.00988770,23.066293264
0.01010742,23.068049168
0.01032715,23.069904851
0.01054688,23.071868012
0.01076660,23.073947108
0.01098633,23.076151442
0.01120605,23.078491268
0.01142578,23.080977911
0.01164551,23.083623905
0.01186523,23.086443146
0.01208496,23.089451078
0.01230469,23.092664904
0.01252441,23.096103830
0.01274414,23.099789352
0.01296387,23.103745591
0.01318359,23.107999686
0.01340332,23.112582260
0.01362305,23.117527969
0.01384277,23.122876154
0.01406250,23.128671624
0.01428223,23.134965587
0.01450195,23.141816784
0.01472168,23.149292850
0.01494141,23.157471978
0.01516113,23.166444957
0.01538086,23.176317680
0.01560059,23.187214257
0.01582031,23.199280893
0.01604004,23.212690773
0.01625977,23.227650237
0.01647949,23.244406678
0.01669922,23.263258703
0.01691895,23.284569345
0.01713867,23.308783416
0.01735840,23.336450531
0.01757812,23.368256019
0.01779785,23.405062958
0.01801758,23.447970091
0.01823730,23.498392854
0.01845703,23.558178541
0.01867676,23.629772942
0.01889648,23.716466188
0.01911621,23.822763280
0.01933594,23.954955934
0.01955566,24.122028512
0.01977539,24.337135547
0.01999512,24.620090244
0.02021484,25.001707234
0.02043457,25.531680648
0.02065430,26.293478073
0.02087402,27.433696393
0.02109375,29.222080561
0.02131348,32.176583610
0.02153320,37.316936375
0.02175293,46.612218563
0.02197266,63.494106295
0.02219238,66.357030809
0.02241211,66.358501996
0.02263184,66.359973183
0.02285156,66.361444369
0.02307129,66.362915556
0.02329102,66.364386742
0.02351074,66.365857928
0.02373047,66.367329114
0.02395020,66.368800300
0.02416992,66.370271486
0.02438965,66.371742672
0.02460937,66.373213857
0.02482910,66.374685043
0.02504883,66.376156228
0.02526855,66.377627413
0.02548828,66.379098598
0.02570801,66.380569783
0.02592773,66.382040968
0.02614746,66.383512152
0.02636719,66.384983337
0.02658691,66.386454521
0.02680664,66.387925705
0.02702637,66.389396889
0.02724609,66.390868073
0.02746582,66.392339256
0.02768555,66.393810440
0.02790527,66.395281623
0.02812500,66.396752807
0.02834473,66.398223990
0.02856445,66.399695173
0.02878418,66.401166355
0.02900391,66.402637538
0.02922363,66.404108721
0.02944336,66.405579903
0.02966309,66.407051085
0.02988281,66.408522267
0.03010254,66.409993449
0.03032227,66.411464631
0.03054199,66.412935812
0.03076172,66.414406994
0.03098145,66.415878175
0.03120117,66.417349356
0.03142090,66.418820537
0.03164062,66.420291718
0.03186035,66.421762898
0.03208008,66.423234079
0.03229980,66.424705259
0.03251953,66.426176439
0.03273926,66.427647619
0.03295898,66.429118799
0.03317871,66.430589978
0.03339844,66.432061158
0.03361816,66.433532337
0.03383789,66.435003516
0.03405762,66.436474695
0.03427734,66.437945874
0.03449707,66.439417052
0.03471680,66.440888231
0.03493652,66.442359409
0.03515625,66.443830587
0.03537598,66.445301765
0.03559570,66.446772942
0.03581543,66.448244120
0.03603516,66.449715297
0.03625488,66.451186475
0.03647461,66.452657652
0.03669434,66.454128828
0.03691406,66.455600005
0.03713379,66.457071181
0.03735352,66.458542358
0.03757324,66.460013534
0.03779297,66.461484710
0.03801270,66.462955885
0.03823242,66.464427061
0.03845215,66.465898236
0.03867188,66.467369412
0.03889160,66.468840587
0.03911133,66.470311761
0.03933105,66.471782936
0.03955078,66.473254110
0.03977051,66.474725285
0.03999023,66.476196459
0.04020996,66.477667632
0.04042969,66.479138806
0.04064941,66.480609980
0.04086914,66.482081153
0.04108887,66.483552326
0.04130859,66.485023499
0.04152832,66.486494671
0.04174805,66.487965844
0.04196777,66.489437016
0.04218750,66.490908188
0.04240723,66.492379360
0.04262695,66.493850532
0.04284668,66.495321703
0.04306641,66.496792875
0.04328613,66.498264046
0.04350586,66.499735216
0.04372559,66.501206387
0.04394531,66.502677558
0.04416504,66.504148728
0.04438477,66.505619898
0.04460449,66.507091068
0.04482422,66.508562237
0.04504395,66.510033407
0.04526367,66.511504576
0.04548340,66.512975745
0.04570313,66.514446914
0.04592285,66.515918082
0.04614258,66.517389251
0.04636230,66.518860419
0.04658203,66.520331587
0.04680176,66.521802754
0.04702148,66.523273922
0.04724121,66.524745089
0.04746094,66.526216256
0.04768066,66.527687423
0.04790039,66.529158590
0.04812012,66.530629756
0.04833984,66.532100922
0.04855957,66.533572088
0.04877930,66.535043254
0.04899902,66.536514420
0.04921875,66.537985585
0.04943848,66.539456750
0.04965820,66.540927915
0.04987793,66.542399079
0.05009766,66.543870244
0.05031738,66.545341408
0.05053711,66.546812572
0.05075684,66.548283736
0.05097656,66.549754899
0.05119629,66.551226062
0.05141602,66.552697225
0.05163574,66.554168388
0.05185547,66.555639551
0.05207520,66.557110713
0.05229492,66.558581875
0.05251465,66.560053037
0.05273438,66.561524198
0.05295410,66.562995360
0.05317383,66.564466521
0.05339355,66.565937682
0.05361328,66.567408843
0.05383301,66.568880003
0.05405273,66.570351163
0.05427246,66.571822323
0.05449219,66.573293483
0.05471191,66.574764642
0.05493164,66.576235801
0.05515137,66.577706960
0.05537109,66.579178119
0.05559082,66.580649277
0.05581055,66.582120436
0.05603027,66.583591594
0.05625000,66.585062751
0.05646973,66.585968850
0.05668945,66.586848960
0.05690918,66.587710652
0.05712891,66.588553223
0.05734863,66.589375865
0.05756836,66.590177727
0.05778809,66.590957913
0.05800781,66.591715478
0.05822754,66.592449424
0.05844727,66.593158697
0.05866699,66.593842186
0.05888672,66.594498714
0.05910645,66.595127039
0.05932617,66.595725844
0.05954590,66.596293735
0.05976563,66.596829235
0.05998535,66.597330779
0.06020508,66.597796705
0.06042480,66.598225248
0.06064453,66.598614532
0.06086426,66.598962564
0.06108398,66.599267221
0.06130371,66.599526242
0.06152344,66.599737217
0.06174316,66.599897576
0.06196289,66.600004573
0.06218262,66.600055275
0.06240234,66.600046543
0.06262207,66.599975019
0.06284180,66.599837101
0.06306152,66.599628929
0.06328125,66.599346355
0.06350098,66.598984923
0.06372070,66.598539838
0.06394043,66.598005933
0.06416016,66.597377641
0.06437988,66.596648946
0.06459961,66.595813350
0.06481934,66.594863820
0.06503906,66.593792735
0.06525879,66.592591825
0.06547852,66.591252107
0.06569824,66.589763808
0.06591797,66.588116281
0.06613770,66.586297906
0.06635742,66.584295986
0.06657715,66.582096624
0.06679688,66.579684583
0.06701660,66.577043129
0.06723633,66.574153849
0.06745605,66.570996450
0.06767578,66.567548519
0.06789551,66.563785254
0.06811523,66.559679153
0.06833496,66.555199651
0.06855469,66.550312706
0.06877441,66.544980308
0.06899414,66.539159920
0.06921387,66.532803807
0.06943359,66.525858262
0.06965332,66.518262685
0.06987305,66.509948499
0.07009277,66.500837851
0.07031250,66.490842076
0.07053223,66.479859841
0.07075195,66.467774915
0.07097168,66.454453469
0.07119141,66.439740785
0.07141113,66.423457228
0.07163086,66.405393284
0.07185059,66.385303406
0.07207031,66.362898339
0.07229004,66.337835469
0.07250977,66.309706596
0.07272949,66.278022329
0.07294922,66.242191989
0.07316895,66.201497484
0.07338867,66.155059009
0.07360840,66.101789525
0.07382813,66.040333649
0.07404785,65.968984572
0.07426758,65.885569578
0.07448730,65.787289910
0.07470703,65.670493173
0.07492676,65.530344033
0.07514648,65.360338458
0.07536621,65.151571614
0.07558594,64.891608090
0.07580566,64.562692153
0.07602539,64.138828883
0.07624512,63.580868075
0.07646484,62.827924638
0.07668457,61.781812673
0.07690430,60.277610785
0.07712402,58.025628264
0.07734375,54.492690273
0.07756348,48.654633796
0.07778320,38.494443680
0.07800293,20.119853999
0.07822266,-9.087547059
0.07844238,-9.098037931
0.07866211,-9.101536664
0.07888184,-9.103286218
0.07910156,-9.104335932
0.07932129,-9.105035692
0.07954102,-9.105535474
0.07976074,-9.105910270
0.07998047,-9.106201746
0.08020020,-9.106434899
0.08041992,-9.106625639
0.08063965,-9.106784571
0.08085937,-9.106919036
0.08107910,-9.107034280
0.08129883,-9.107134146
0.08151855,-9.107221519
0.08173828,-9.107298605
0.08195801,-9.107367118
0.08217773,-9.107428413
0.08239746,-9.107483573
0.08261719,-9.107533474
0.08283691,-9.107578834
0.08305664,-9.107620246
0.08327637,-9.107658203
0.08349609,-9.107693119
0.08371582,-9.107725347
0.08393555,-9.107755184
0.08415527,-9.107782887
0.08437500,-9.107808677
0.08459473,-9.107832746
0.08481445,-9.107855259
0.08503418,-9.107876363
0.08525391,-9.107896186
0.08547363,-9.107914842
0.08569336,-9.107932429
0.08591309,-9.107949038
0.08613281,-9.107964747
0.08635254,-9.107979628
0.08657227,-9.107993745
0.08679199,-9.108007154
0.08701172,-9.108019908
0.08723145,-9.108032053
0.08745117,-9.108043632
0.08767090,-9.108054684
0.08789062,-9.108065244
0.08811035,-9.108075343
0.08833008,-9.108085011
0.08854980,-9.108094276
0.08876953,-9.108103162
0.08898926,-9.108111691
0.08920898,-9.108119885
0.08942871,-9.108127763
0.08964844,-9.108135343
0.08986816,-9.108142641
0.09008789,-9.108149673
0.09030762,-9.108156453
0.09052734,-9.108162995
0.09074707,-9.108169310
0.09096680,-9.108175410
0.09118652,-9.108181307
0.09140625,-9.108187009
0.09162598,-9.108192527
0.09184570,-9.108197869
0.09206543,-9.108203044
0.09228516,-9.108208059
0.09250488,-9.108212921
0.09272461,-9.108217638
0.09294434,-9.108222215
0.09316406,-9.108226659
0.09338379,-9.108230975
0.09360352,-9.108235170
0.09382324,-9.108239247
0.09404297,-9.108243212
0.09426270,-9.108247070
0.09448242,-9.108250824
0.09470215,-9.108254479
0.09492188,-9.108258039
0.09514160,-9.108261506
0.09536133,-9.108264886
0.09558105,-9.108268181
0.09580078,-9.108271394
0.09602051,-9.108274528
0.09624023,-9.108277586
0.09645996,-9.108280571
0.09667969,-9.108283485
0.09689941,-9.108286332
0.09711914,-9.108289112
0.09733887,-9.108291829
0.09755859,-9.108294484
0.09777832,-9.108297080
0.09799805,-9.108299619
0.09821777,-9.108302102
0.09843750,-9.108304531
0.09865723,-9.108306909
0.09887695,-9.108309236
0.09909668,-9.108311514
0.09931641,-9.108313744
0.09953613,-9.108315929
0.09975586,-9.108318070
0.09997559,-9.108320167
0.10019531,-9.108322223
0.10041504,-9.108324238
0.10063477,-9.108326214
0.10085449,-9.108328151
0.10107422,-9.108330051
0.10129395,-9.108331915
0.10151367,-9.108333744
0.10173340,-9.108335538
0.10195313,-9.108337300
0.10217285,-9.108339029
0.10239258,-9.108340727
0.10261230,-9.108342394
0.10283203,-9.108344031
0.10305176,-9.108345640
0.10327148,-9.108347220
0.10349121,-9.108348773
0.10371094,-9.108350299
0.10393066,-9.108351798
0.10415039,-9.108353273
0.10437012,-9.108354722
0.10458984,-9.108356148
0.10480957,-9.108357549
0.10502930,-9.108358928
0.10524902,-9.108360284
0.10546875,-9.108361619
0.10568848,-9.108362932
0.10590820,-9.108364224
0.10612793,-9.108365495
0.10634766,-9.108366747
0.10656738,-9.108367979
0.10678711,-9.108369193
0.10700684,-9.108370387
0.10722656,-9.108371564
0.10744629,-9.108372722
0.10766602,-9.108373864
0.10788574,-9.108374988
0.10810547,-9.108376096
0.10832520,-9.108377187
0.10854492,-9.108378263
0.10876465,-9.108379323
0.10898438,-9.108380368
0.10920410,-9.108381398
0.10942383,-9.108382413
0.10964355,-9.108383414
0.10986328,-9.108384401
0.11008301,-9.108385374
0.11030273,-9.108386334
0.11052246,-9.108387281
0.11074219,-9.108388215
0.11096191,-9.108389136
0.11118164,-9.108390045
0.11140137,-9.108390942
0.11162109,-9.108391827
0.11184082,-9.108392700
0.11206055,-9.108393562
0.11228027,-9.108394413
0.11250000,-9.108395252
0.11271973,-9.108396081
0.11293945,-9.108396899
0.11315918,-9.108397707
0.11337891,-9.108398505
0.11359863,-9.108399292
0.11381836,-9.108400070
0.11403809,-9.108400838
0.11425781,-9.108401597
0.11447754,-9.108402347
0.11469727,-9.108403087
0.11491699,-9.108403818
0.11513672,-9.108404541
0.11535645,-9.108405255
0.11557617,-9.108405960
0.11579590,-9.108406657
0.11601562,-9.108407346
0.11623535,-9.108408027
0.11645508,-9.108408700
0.11667480,-9.108409365
0.11689453,-9.108410023
0.11711426,-9.108410673
0.11733398,-9.108411315
0.11755371,-9.108411950
0.11777344,-9.108412579
0.11799316,-9.108413200
0.11821289,-9.108413814
0.11843262,-9.108414421
0.11865234,-9.108415022
0.11887207,-9.108415616
0.11909180,-9.108416204
0.11931152,-9.108416785
0.11953125,-9.108417360
0.11975098,-9.108417929
0.11997070,-9.108418492
0.12019043,-9.108419048
0.12041016,-9.108419599
0.12062988,-9.108420144
0.12084961,-9.108420684
0.12106934,-9.108421217
0.12128906,-9.108421746
0.12150879,-9.108422268
0.12172852,-9.108422786
0.12194824,-9.108423298
0.12216797,-9.108423805
0.12238770,-9.108424307
0.12260742,-9.108424803
0.12282715,-9.108425295
0.12304688,-9.108425782
0.12326660,-9.108426264
0.12348633,-9.108426741
0.12370605,-9.108427214
0.12392578,-9.108427682
0.12414551,-9.108428145
0.12436523,-9.108428604
0.12458496,-9.108429058
0.12480469,-9.108429508
0.12502441,-9.108429954
0.12524414,-9.108430396
0.12546387,-9.108430833
0.12568359,-9.108431266
0.12590332,-9.108431695
0.12612305,-9.108432120
0.12634277,-9.108432541
0.12656250,-9.108432959
0.12678223,-9.108433372
0.12700195,-9.108433782
0.12722168,-9.108434188
0.12744141,-9.108434590
0.12766113,-9.108434988
0.12788086,-9.108435383
0.12810059,-9.108435774
0.12832031,-9.108436162
0.12854004,-9.108436546
0.12875977,-9.108436927
0.12897949,-9.108437305
0.12919922,-9.108437679
0.12941895,-9.108438050
0.12963867,-9.108438418
0.12985840,-9.108438782
0.13007813,-9.108439144
0.13029785,-9.108439502
0.13051758,-9.108439857
0.13073730,-9.108440209
0.13095703,-9.108440558
0.13117676,-9.108440904
0.13139648,-9.108441248
0.13161621,-9.108441588
0.13183594,-9.108441925
0.13205566,-9.108442260
0.13227539,-9.108442592
0.13249512,-9.108442921
0.13271484,-9.108443247
0.13293457,-9.108443571
0.13315430,-9.108443892
0.13337402,-9.108444210
0.13359375,-9.108444526
0.13381348,-9.108444839
0.13403320,-9.108445150
0.13425293,-9.108445458
0.13447266,-9.108445764
0.13469238,-9.108446067
0.13491211,-9.108446368
0.13513184,-9.108446666
0.13535156,-9.108446962
0.13557129,-9.108447256
0.13579102,-9.108447547
0.13601074,-9.108447836
0.13623047,-9.108448123
0.13645020,-9.108448408
0.13666992,-9.108448690
0.13688965,-9.108448971
0.13710938,-9.108449249
0.13732910,-9.108449525
0.13754883,-9.108449799
0.13776855,-9.108450070
0.13798828,-9.108450340
0.13820801,-9.108450607
0.13842773,-9.108450873
0.13864746,-9.108449378
0.13886719,-9.108446975
0.13908691,-9.108444309
0.13930664,-9.108441380
0.13952637,-9.108438162
0.13974609,-9.108434620
0.13996582,-9.108430703
0.14018555,-9.108426355
0.14040527,-9.108421500
0.14062500,-9.108416047
0.14084473,-9.108409881
0.14106445,-9.108402852
0.14128418,-9.108394766
0.14150391,-9.108385369
0.14172363,-9.108374314
0.14194336,-9.108361121
0.14216309,-9.108345103
0.14238281,-9.108325249
0.14260254,-9.108299992
0.14282227,-9.108266782
0.14304199,-9.108221162
0.14326172,-9.108154585
0.14348145,-9.108048304
0.14370117,-9.107851724
0.14392090,-9.107364807
0.14414062,-9.104129251
0.14436035,26.834458550
0.14458008,40.425930114
0.14479980,43.222984340
0.14501953,44.140160315
0.14523926,44.589062565
0.14545898,44.853876743
0.14567871,45.028310733
0.14589844,45.152005276
0.14611816,45.244512981
0.14633789,45.316548664
0.14655762,45.374454636
0.14677734,45.422213654
0.14699707,45.462446835
0.14721680,45.496946329
0.14743652,45.526977043
0.14765625,45.553456076
0.14787598,45.577063875
0.14809570,45.598315536
0.14831543,45.617607916
0.14853516,45.635251589
0.14875488,45.651493020
0.14897461,45.666530281
0.14919434,45.680524368
0.14941406,45.693607512
0.14963379,45.705889353
0.14985352,45.717461600
0.15007324,45.728401583
0.15029297,45.738775003
0.15051270,45.748638064
0.15073242,45.758039166
0.15095215,45.767020242
0.15117188,45.775617825
0.15139160,45.783863923
0.15161133,45.791786717
0.15183105,45.799411137
0.15205078,45.806759339
0.15227051,45.813851100
0.15249023,45.820704140
0.15270996,45.827334403
0.15292969,45.833756285
0.15314941,45.839982830
0.15336914,45.846025897
0.15358887,45.851896303
0.15380859,45.857603944
0.15402832,45.863157899
0.15424805,45.868566523
0.15446777,45.873837522
0.15468750,45.878978027
0.15490723,45.883994647
0.15512695,45.888893526
0.15534668,45.893680389
0.15556641,45.898360580
0.15578613,45.902939097
0.15600586,45.907420631
0.15622559,45.911809583
0.15644531,45.916110100
0.15666504,45.920326091
0.15688477,45.924461248
0.15710449,45.928519066
0.15732422,45.932502858
0.15754395,45.936415769
0.15776367,45.940260792
0.15798340,45.944040777
0.15820312,45.947758443
0.15842285,45.951416389
0.15864258,45.955017101
0.15886230,45.958562963
0.15908203,45.962056263
0.15930176,45.965499198
0.15952148,45.968893885
0.15974121,45.972242364
0.15996094,45.975546605
0.16018066,45.978808510
0.16040039,45.982029924
0.16062012,45.985212631
0.16083984,45.988358367
0.16105957,45.991468817
0.16127930,45.994545624
0.16149902,45.997590388
0.16171875,46.000604675
0.16193848,46.003590013
0.16215820,46.006547903
0.16237793,46.009479816
0.16259766,46.012387199
0.16281738,46.015271479
0.16303711,46.018134063
0.16325684,46.020976344
0.16347656,46.023799702
0.16369629,46.026605510
0.16391602,46.029395133
0.16413574,46.032169937
0.16435547,46.034931287
0.16457520,46.037680558
0.16479492,46.040419131
0.16501465,46.043148405
0.16523438,46.045869800
0.16545410,46.048584761
0.16567383,46.051294765
0.16589355,46.054001331
0.16611328,46.056706025
0.16633301,46.059410474
0.16655273,46.062116371
0.16677246,46.064825491
0.16699219,46.067539705
0.16721191,46.070261001
0.16743164,46.072991497
0.16765137,46.075733476
0.16787109,46.078489411
0.16809082,46.081262004
0.16831055,46.084054225
0.16853027,46.086869337
0.16875000,46.089710900
0.16896973,46.092582710
0.16918945,46.095488695
0.16940918,46.098432814
0.16962891,46.101419202
0.16984863,46.104452962
0.17006836,46.107542123
0.17028809,46.110700809
0.17050781,46.113952320
0.17072754,46.117328515
0.17094727,46.120860145
0.17116699,46.124554922
0.17138672,46.128369181
0.17160645,46.132193796
0.17182617,46.135887037
0.17204590,46.139382739
0.17226563,46.142860785
0.17248535,46.146866259
0.17270508,46.152161602
0.17292480,46.159222470
0.17314453,46.167711980
0.17336426,46.176428984
0.17358398,46.183735236
0.17380371,46.188057289
0.17402344,46.188490697
0.17424316,46.186293358
0.17446289,46.186700774
0.17468262,46.196236076
0.17490234,46.215504357
0.17512207,46.238451758
0.17534180,46.258910191
0.17556152,46.274287378
0.17578125,46.284035933
0.17600098,46.286774397
0.17622070,46.278396073
0.17644043,46.256389768
0.17666016,46.240055509
0.17687988,46.260880052
0.17709961,46.310186322
0.17731934,46.357555776
0.17753906,46.390955084
0.17775879,46.414018779
0.17797852,46.431836519
0.17819824,46.446111714
0.17841797,46.454214111
0.17863770,46.444201741
0.17885742,46.386072217
0.17907715,46.318143793
0.17929687,46.370710173
0.17951660,46.485048843
0.17973633,46.567943710
0.17995605,46.615452573
0.18017578,46.649069370
0.18039551,46.679679628
0.18061523,46.710095269
0.18083496,46.739628243
0.18105469,46.763059665
0.18127441,46.751809739
0.18149414,46.570418008
0.18171387,46.453255205
0.18193359,46.684532811
0.18215332,46.897736261
0.18237305,47.001459587
0.18259277,47.066474324
0.18281250,47.127095964
0.18303223,47.190833643
0.18325195,47.258740294
0.18347168,47.329986293
0.18369141,47.398898564
0.18391113,47.409233462
0.18413086,46.823394875
0.18435059,46.865987802
0.18457031,47.480934119
0.18479004,47.789739218
0.18500977,47.943170975
0.18522949,48.082634025
0.18544922,48.234334420
0.18566895,48.402868448
0.18588867,48.590569828
0.18610840,48.797186111
0.18632813,48.976239572
0.18654785,47.442990307
0.18676758,47.926146136
0.18698730,49.412897716
0.18720703,50.009696057
0.18742676,50.459897395
0.18764648,50.974798769
0.18786621,51.590673735
0.18808594,52.337511025
0.18830566,53.230002403
0.18852539,48.969990506
0.18874512,51.494071381
0.18896484,55.794414441
0.18918457,58.060575783
0.18940430,60.972163927
0.18962402,58.763254430
0.18984375,53.097783928
0.19006348,72.138713813
0.19028320,71.623354687
0.19050293,62.534486757
0.19072266,89.098941907
0.19094238,86.047008924
0.19116211,68.709171485
0.19138184,101.584067700
0.19160156,105.013518982
0.19182129,106.260664347
0.19204102,106.928567020
0.19226074,107.351800239
0.19248047,107.649303509
0.19270020,107.874024694
0.19291992,108.052911063
0.19313965,108.200969354
0.19335938,108.327138954
0.19357910,108.437047393
0.19379883,108.534411817
0.19401855,108.621795010
0.19423828,108.701032529
0.19445801,108.773483785
0.19467773,93.914915708
0.19489746,89.692974627
0.19511719,102.655172455
0.19533691,105.375690447
0.19555664,106.537747273
0.19577637,107.195725212
0.19599609,107.626460821
0.19621582,107.934763265
0.19643555,108.169184960
0.19665527,108.355359068
0.19687500,108.508127264
0.19709473,108.636696806
0.19731445,108.747094948
0.19753418,108.843441345
0.19775391,108.928653648
0.19797363,109.004860704
0.19819336,109.073655702
0.19841309,109.136257298
0.19863281,109.193615560
0.19885254,109.246483639
0.19907227,109.295467468
0.19929199,109.341060983
0.19951172,109.383671593
0.19973145,109.423638910
0.19995117,109.461248753
0.20017090,109.496743761
0.20039063,109.530331555
0.20061035,80.899039807
0.20083008,7.412432647
0.20104980,3.772718475
0.20126953,2.835405371
0.20148926,2.384386508
0.20170898,2.119378286
0.20192871,1.945163099
0.20214844,1.821773430
0.20236816,1.729569359
0.20258789,1.657812577
0.20280762,1.600156522
0.20302734,1.552620112
0.20324707,1.512585492
0.20346680,1.478263891
0.20368652,1.448393443
0.20390625,1.422059645
0.20412598,1.398584214
0.20434570,1.377453853
0.20456543,1.358273195
0.20478516,1.340732905
0.20500488,1.324587545
0.20522461,1.309639912
0.20544434,1.295729738
0.20566406,1.282725412
0.20588379,1.270517822
0.20610352,1.259015711
0.20632324,1.248142141
0.20654297,1.237831750
0.20676270,1.228028631
0.20698242,1.218684641
0.20720215,1.209758078
0.20742188,1.201212609
0.20764160,1.193016406
0.20786133,1.185141449
0.20808105,1.177562952
0.20830078,1.170258885
0.20852051,1.163209592
0.20874023,1.156397455
0.20895996,1.149806627
0.20917969,1.143422801
0.20939941,1.137233011
0.20961914,1.131225471
0.20983887,1.125389433
0.21005859,1.119715063
0.21027832,1.114193339
0.21049805,1.108815960
0.21071777,1.103575268
0.21093750,1.098464181
0.21115723,1.093476131
0.21137695,1.088605015
0.21159668,1.083845146
0.21181641,1.079191216
0.21203613,1.074638258
0.21225586,1.070181617
0.21247559,1.065816917
0.21269531,1.061540043
0.21291504,1.057347112
0.21313477,1.053234456
0.21335449,1.049198605
0.21357422,1.045236270
0.21379395,1.041344326
0.21401367,1.037519803
0.21423340,1.033759871
0.21445312,1.030061829
0.21467285,1.026423099
0.21489258,1.022841210
0.21511230,1.019313797
0.21533203,1.015838589
0.21555176,1.012413404
0.21577148,1.009036140
0.21599121,1.005704774
0.21621094,1.002417349
0.21643066,0.999171978
0.21665039,0.995966831
0.21687012,0.992800135
0.21708984,0.989670168
0.21730957,0.986575259
0.21752930,0.983513777
0.21774902,0.980484133
0.21796875,0.977484776
0.21818848,0.974514189
0.21840820,0.971570882
0.21862793,0.968653397
0.21884766,0.965760297
0.21906738,0.962890168
0.21928711,0.960041614
0.21950684,0.957213255
0.21972656,0.954403720
0.21994629,0.951611650
0.22016602,0.948835690
0.22038574,0.946074488
0.22060547,0.943326688
0.22082520,0.940590931
0.22104492,0.937865846
0.22126465,0.935150047
0.22148438,0.932442129
0.22170410,0.929740660
0.22192383,0.927044178
0.22214355,0.924351179
0.22236328,0.921660111
0.22258301,0.918969368
0.22280273,0.916277274
0.22302246,0.913582072
0.22324219,0.910881913
0.22346191,0.908174833
0.22368164,0.905458738
0.22390137,0.902731374
0.22412109,0.899990300
0.22434082,0.897232849
0.22456055,0.894456091
0.22478027,0.891656806
0.22500000,0.888831484
0.22521973,0.885976372
0.22543945,0.883087585
0.22565918,0.880161200
0.22587891,0.877193130
0.22609863,0.874178366
0.22631836,0.871109110
0.22653809,0.867971695
0.22675781,0.864743533
0.22697754,0.861393529
0.22719727,0.857891156
0.22741699,0.854227492
0.22763672,0.850442915
0.22785645,0.846641828
0.22807617,0.842962758
0.22829590,0.839475533
0.22851562,0.836016079
0.22873535,0.832065604
0.22895508,0.826881656
0.22917480,0.819976455
0.22939453,0.811635679
0.22961426,0.802997220
0.22983398,0.795657084
0.23005371,0.791177744
0.23027344,0.790496186
0.23049316,0.792498434
0.23071289,0.792242369
0.23093262,0.783349206
0.23115234,0.764856883
0.23137207,0.742340161
0.23159180,0.721890130
0.23181152,0.706299721
0.23203125,0.696248528
0.23225098,0.693056990
0.23247070,0.700618768
0.23269043,0.721522728
0.23291016,0.738062959
0.23312988,0.719869318
0.23334961,0.672939731
0.23356934,0.625893468
0.23378906,0.591814742
0.23400879,0.568194302
0.23422852,0.550128111
0.23444824,0.535702799
0.23466797,0.527218745
0.23488770,0.535854687
0.23510742,0.590075288
0.23532715,0.656655702
0.23554688,0.613001789
0.23576660,0.504331589
0.23598633,0.420061976
0.23620605,0.370296157
0.23642578,0.335833213
0.23664551,0.305206861
0.23686523,0.275013874
0.23708496,0.245653255
0.23730469,0.221944062
0.23752441,0.230421120
0.23774414,0.397228290
0.23796387,0.517962253
0.23818359,0.315365654
0.23840332,0.103876423
0.23862305,-0.007501315
0.23884277,-0.075393704
0.23906250,-0.135983654
0.23928223,-0.198929397
0.23950195,-0.265883961
0.23972168,-0.336204040
0.23994141,-0.404687223
0.24016113,-0.419957584
0.24038086,0.110429064
0.24060059,0.119232053
0.24082031,-0.439404231
0.24104004,-0.768428878
0.24125977,-0.935232683
0.24147949,-1.075262351
0.24169922,-1.224350945
0.24191895,-1.389455875
0.24213867,-1.573172453
0.24235840,-1.775482435
0.24257813,-1.955190843
0.24279785,-0.606265289
0.24301758,-0.895419022
0.24323730,-2.251206487
0.24345703,-2.920751349
0.24367676,-3.384716629
0.24389648,-3.883350137
0.24411621,-4.472225976
0.24433594,-5.179766719
0.24455566,-6.016968510
0.24477539,-2.586894084
0.24499512,-4.176581225
0.24521484,-7.804081940
0.24543457,-9.010955978
0.24565430,-9.057323694
0.24587402,-9.073790688
0.24609375,-9.082245359
0.24631348,-9.087334009
0.24653320,-9.090686460
0.24675293,-9.093026804
0.24697266,-9.094726913
0.24719238,-9.095999379
0.24741211,-9.096976463
0.24763184,-9.097745490
0.24785156,-9.098365979
0.24807129,-9.098879009
0.24829102,-9.099313113
0.24851074,-9.099688261
0.24873047,-9.100018589
0.24895020,-9.100314235
0.24916992,-9.100582578
0.24938965,-9.100829066
0.24960937,-9.101057775
0.24982910,-9.101271794
0.25004883,-9.101473490
0.25026855,-9.101664696
0.25048828,-9.101846843
0.25070801,-9.102021059
0.25092773,-9.102188237
0.25114746,-9.102349096
0.25136719,-9.102504213
0.25158691,-9.102654056
0.25180664,-9.102799011
0.25202637,-9.102939395
0.25224609,-9.103075474
0.25246582,-9.103207473
0.25268555,-9.103335583
0.25290527,-9.103459970
0.25312500,-9.103580781
0.25334473,-9.103698144
0.25356445,-9.103812177
0.25378418,-9.103922986
0.25400391,-9.104030671
0.25422363,-9.104135323
0.25444336,-9.104237029
0.25466309,-9.104335874
0.25488281,-9.104431936
0.25510254,-9.104525294
0.25532227,-9.104616020
0.25554199,-9.104704190
0.25576172,-9.104789872
0.25598145,-9.104873137
0.25620117,-9.104954053
0.25642090,-9.105032685
0.25664063,-9.105109099
0.25686035,-9.105183359
0.25708008,-9.105255527
0.25729980,-9.105325664
0.25751953,-9.105393830
0.25773926,-9.105460084
0.25795898,-9.105524482
0.25817871,-9.105587081
0.25839844,-9.105647935
0.25861816,-9.105707097
0.25883789,-9.105764618
0.25905762,-9.105820550
0.25927734,-9.105874941
0.25949707,-9.105927839
0.25971680,-9.105979291
0.25993652,-9.106029341
0.26015625,-9.106078033
0.26037598,-9.106125410
0.26059570,-9.106171513
0.26081543,-9.106216381
0.26103516,-9.106260054
0.26125488,-9.106302568
0.26147461,-9.106343961
0.26169434,-9.106384267
0.26191406,-9.106423520
0.26213379,-9.106461754
0.26235352,-9.106499000
0.26257324,-9.106535288
0.26279297,-9.106570649
0.26301270,-9.106605111
0.26323242,-9.106638703
0.26345215,-9.106671450
0.26367188,-9.106703380
0.26389160,-9.106734516
0.26411133,-9.106764884
0.26433105,-9.106794507
0.26455078,-9.106823408
0.26477051,-9.106851607
0.26499023,-9.106879128
0.26520996,-9.106905989
0.26542969,-9.106932211
0.26564941,-9.106957813
0.26586914,-9.106982812
0.26608887,-9.107007228
0.26630859,-9.107031077
0.26652832,-9.107054375
0.26674805,-9.107077140
0.26696777,-9.107099385
0.26718750,-9.107121127
0.26740723,-9.107142380
0.26762695,-9.107163158
0.26784668,-9.107183473
0.26806641,-9.107203341
0.26828613,-9.107222772
0.26850586,-9.107241780
0.26872559,-9.107260375
0.26894531,-9.107278571
0.26916504,-9.107296377
0.26938477,-9.107313804
0.26960449,-9.107330863
0.26982422,-9.107347564
0.27004395,-9.107363917
0.27026367,-9.107379919
0.27048340,-9.106763873
0.27070312,23.906013846
0.27092285,58.542645227
0.27114258,48.231337703
0.27136230,69.475080717
0.27158203,74.205269468
0.27180176,74.850852654
0.27202148,75.288557768
0.27224121,75.708648924
0.27246094,76.316013660
0.27268066,76.361018878
0.27290039,77.499378476
0.27312012,77.317028073
0.27333984,78.489620288
0.27355957,79.672979204
0.27377930,80.563703144
0.27399902,82.902000073
0.27421875,83.093087697
0.27443848,83.361417796
0.27465820,83.342814962
0.27487793,83.677018964
0.27509766,84.714947246
0.27531738,86.248475622
0.27553711,68.731605281
0.27575684,76.434903848
0.27597656,69.752506156
0.27619629,66.671049060
0.27641602,77.672578463
0.27663574,66.740225293
0.27685547,69.289374815
0.27707520,47.940865901
0.27729492,87.245805130
0.27751465,77.011550101
0.27773438,76.407120255
0.27795410,63.713207460
0.27817383,57.055209156
0.27839355,46.276330551
0.27861328,53.068462775
0.27883301,53.579566641
0.27905273,52.382450678
0.27927246,51.444497330
0.27949219,50.696901009
0.27971191,50.078308012
0.27993164,47.814624782
0.28015137,46.044482769
0.28037109,48.805612832
0.28059082,48.901356553
0.28081055,48.619042274
0.28103027,48.369255414
0.28125000,48.151180473
0.28146973,47.948466187
0.28168945,47.301001832
0.28190918,45.278655184
0.28212891,47.007938133
0.28234863,47.536071453
0.28256836,47.451212394
0.28278809,47.349148350
0.28300781,47.256579425
0.28322754,47.172900529
0.28344727,47.096983675
0.28366699,47.027868445
0.28388672,46.964742948
0.28410645,46.906916776
0.28432617,46.853799406
0.28454590,46.804883007
0.28476563,46.759728632
0.28498535,46.717955046
0.28520508,46.679229613
0.28542480,46.643260821
0.28564453,46.609792077
0.28586426,46.578596536
0.28608398,46.549472726
0.28630371,46.522240795
0.28652344,46.496739194
0.28674316,46.472821614
0.28696289,46.450354197
0.28718262,46.429213685
0.28740234,46.409278736
0.28762207,46.390423041
0.28784180,46.372500127
0.28806152,46.355307585
0.28828125,46.338493039
0.28850098,46.321258490
0.28872070,46.301158697
0.28894043,46.266602971
0.28916016,46.092958840
0.28937988,45.327449016
0.28959961,45.819228168
0.28981934,46.222669542
0.29003906,46.265413002
0.29025879,46.260797041
0.29047852,46.253762713
0.29069824,46.247584025
0.29091797,46.242459730
0.29113770,46.238367894
0.29135742,46.235222366
0.29157715,46.232880579
0.29179688,46.231156173
0.29201660,46.229842583
0.29223633,46.228741225
0.29245605,46.227686024
0.29267578,46.226558480
0.29289551,46.225291821
0.29311523,46.223866549
0.29333496,46.222301229
0.29355469,46.220641722
0.29377441,46.218950324
0.29399414,46.217294744
0.29421387,46.215736826
0.29443359,46.214322926
0.29465332,46.213081140
0.29487305,46.212032183
0.29509277,46.211216846
0.29531250,46.210731287
0.29553223,46.210746227
0.29575195,46.211479898
0.29597168,46.213111522
0.29619141,46.215661683
0.29641113,46.218904203
0.29663086,46.222381257
0.29685059,46.225562680
0.29707031,46.228131773
0.29729004,46.230293255
0.29750977,46.232901870
0.29772949,46.237214200
0.29794922,46.244300223
0.29816895,46.254469545
0.29838867,46.267074657
0.29860840,46.280704753
0.29882812,46.293535703
0.29904785,46.303714768
0.29926758,46.309897157
0.29948730,46.312056179
0.29970703,46.312230720
0.29992676,46.314240708
0.30014648,46.321845741
0.30036621,46.336675140
0.30058594,46.357846929
0.30080566,46.383117437
0.30102539,46.409985688
0.30124512,46.436011423
0.30146484,46.458535969
0.30168457,46.473904122
0.30190430,46.474893106
0.30212402,46.431452446
0.30234375,46.071280939
0.30256348,45.719147916
0.30278320,46.316669274
0.30300293,46.486578441
0.30322266,46.522004861
0.30344238,46.554376223
0.30366211,46.593260806
0.30388184,46.636167751
0.30410156,46.680861186
0.30432129,46.725781400
0.30454102,46.769703317
0.30476074,46.811470388
0.30498047,46.849699757
0.30520020,46.882340230
0.30541992,46.906169994
0.30563965,46.917031900
0.30585937,46.912822932
0.30607910,46.900089952
0.30629883,46.896288770
0.30651855,46.916660850
0.30673828,46.960565064
0.30695801,47.018234316
0.30717773,47.082518693
0.30739746,47.150419659
0.30761719,47.220616571
0.30783691,47.292254650
0.30805664,47.364666581
0.30827637,47.437294010
0.30849609,47.509670008
0.30871582,47.581434204
0.30893555,47.652321627
0.30915527,47.722015768
0.30937500,47.789671452
0.30959473,47.852804152
0.30981445,47.905274163
0.31003418,47.935277837
0.31025391,47.929602970
0.31047363,47.896640529
0.31069336,47.888013788
0.31091309,47.947338018
0.31113281,48.052567806
0.31135254,48.167627615
0.31157227,48.284205228
0.31179199,48.403538069
0.31201172,48.515910338
0.31223145,48.340257194
0.31245117,46.543679108
0.31267090,48.456044460
0.31289063,48.986867094
0.31311035,49.155408211
0.31333008,49.314780075
0.31354980,49.479026618
0.31376953,49.648359414
0.31398926,49.822848800
0.31420898,50.002911350
0.31442871,50.189437277
0.31464844,50.383718070
0.31486816,50.586943738
0.31508789,50.798763203
0.31530762,51.013295242
0.31552734,51.207731144
0.31574707,51.316614329
0.31596680,51.233999598
0.31618652,51.056029507
0.31640625,51.232471055
0.31662598,51.707393636
0.31684570,52.066983316
0.31706543,50.626852190
0.31728516,48.545557114
0.31750488,52.720193964
0.31772461,53.324262895
0.31794434,53.812050674
0.31816406,54.340277336
0.31838379,54.930800649
0.31860352,55.584767565
0.31882324,56.309640289
0.31904297,57.119449274
0.31926270,58.027769390
0.31948242,58.994455799
0.31970215,49.754994143
0.31992188,58.178465102
0.32014160,61.635238884
0.32036133,63.182715196
0.32058105,64.911971590
0.32080078,66.951816775
0.32102051,60.914005122
0.32124023,57.085009373
0.32145996,71.643558190
0.32167969,72.267507248
0.32189941,69.392480191
0.32211914,61.103870168
0.32233887,61.874889733
0.32255859,75.342438794
0.32277832,76.813204909
0.32299805,71.108190922
0.32321777,60.203844024
0.32343750,82.631958748
0.32365723,87.822395305
0.32387695,57.828960262
0.32409668,87.855926829
0.32431641,98.362833731
0.32453613,59.485473078
0.32475586,103.927362662
0.32497559,79.357890014
0.32519531,104.229563848
0.32541504,69.916250619
0.32563477,104.284684720
0.32585449,65.017328427
0.32607422,104.355279566
0.32629395,77.561803675
0.32651367,104.136820310
0.32673340,86.694465627
0.32695313,72.431959231
0.32717285,-9.047054217
0.32739258,-2.758143740
0.32761230,-9.051788926
0.32783203,-9.080425782
0.32805176,-9.089967260
0.32827148,-9.094721921
0.32849121,-9.097564016
0.32871094,-9.099451797
0.32893066,-9.100795528
0.32915039,-9.101800038
0.32937012,-9.102578932
0.32958984,-9.103200254
0.32980957,-9.103707230
0.33002930,-9.104128627
0.33024902,-9.104484325
0.33046875,-9.104788503
0.33068848,-9.105051541
0.33090820,-9.105281212
0.33112793,-9.105483451
0.33134766,-9.105662867
0.33156738,-9.105823096
0.33178711,-9.105967038
0.33200684,-9.106097042
0.33222656,-9.106215026
0.33244629,-9.106322571
0.33266602,-9.106420995
0.33288574,-9.106511403
0.33310547,-9.106594728
0.33332520,-9.106671765
0.33354492,-9.106743195
0.33376465,-9.106809602
0.33398438,-9.106871496
0.33420410,-9.106929316
0.33442383,-9.106983450
0.33464355,-9.107034234
0.33486328,-9.107081969
0.33508301,-9.107126918
0.33530273,-9.107169316
0.33552246,-9.107209372
0.33574219,-9.107247273
0.33596191,-9.107283187
0.33618164,-9.107317264
0.33640137,-9.107349640
0.33662109,-9.107380438
0.33684082,-9.107409769
0.33706055,-9.107437735
0.33728027,-9.107464428
0.33750000,-9.107489931
0.33771973,-9.107514322
0.33793945,-9.107537671
0.33815918,-9.107560042
0.33837891,-9.107581495
0.33859863,-9.107602084
0.33881836,-9.107621860
0.33903809,-9.107640870
0.33925781,-9.107659156
0.33947754,-9.107676759
0.33969727,-9.107693715
0.33991699,-9.107710060
0.34013672,-9.107725824
0.34035645,-9.107741039
0.34057617,-9.107755731
0.34079590,-9.107769927
0.34101562,-9.107783652
0.34123535,-9.107796927
0.34145508,-9.107809775
0.34167480,-9.107822214
0.34189453,-9.107834264
0.34211426,-9.107845942
0.34233398,-9.107857264
0.34255371,-9.107868245
0.34277344,-9.107878901
0.34299316,-9.107889244
0.34321289,-9.107899288
0.34343262,-9.107909044
0.34365234,-9.107918524
0.34387207,-9.107927737
0.34409180,-9.107936695
0.34431152,-9.107945404
0.34453125,-9.107953873
0.34475098,-9.107962108
0.34497070,-9.107970110
0.34519043,-9.107977865
0.34541016,-9.107982591
0.34562988,-9.107949590
0.34584961,-9.107911950
0.34606934,-9.107868726
0.34628906,-9.107818609
0.34650879,-9.107759811
0.34672852,-9.107689842
0.34694824,-9.107605121
0.34716797,-9.107500302
0.34738770,-9.107366989
0.34760742,-9.107191123
0.34782715,-9.106947246
0.34804688,-9.106585158
0.34826660,-9.105992861
0.34848633,-9.104855457
0.34870605,-9.101799853
0.34892578,-9.067126407
0.34914551,-0.380297604
0.34936523,-1.160577408
0.34958496,-0.194717305
0.34980469,-0.319093120
0.35002441,-0.174201936
0.35024414,0.021254882
0.35046387,0.157282954
0.35068359,0.262383221
0.35090332,0.347786225
0.35112305,0.416098931
0.35134277,0.469476223
0.35156250,0.510273268
0.35178223,0.541078088
0.35200195,0.564785373
0.35222168,0.584169580
0.35244141,0.601292754
0.35266113,0.617257070
0.35288086,0.632361124
0.35310059,0.646392963
0.35332031,0.658806174
0.35354004,0.668705501
0.35375977,0.674857053
0.35397949,0.676215408
0.35419922,0.672980312
0.35441895,0.666947919
0.35463867,0.660314186
0.35485840,0.654214754
0.35507813,0.648435771
0.35529785,0.642096762
0.35551758,0.634456615
0.35573730,0.625378232
0.35595703,0.615406033
0.35617676,0.605573128
0.35639648,0.597039316
0.35661621,0.590609130
0.35683594,0.586229655
0.35705566,0.582732877
0.35727539,0.578130804
0.35749512,0.570429934
0.35771484,0.558457778
0.35793457,0.542197940
0.35815430,0.522620094
0.35837402,0.501397249
0.35859375,0.481488832
0.35881348,0.472239666
0.35903320,0.500419627
0.35925293,0.591543187
0.35947266,0.690942880
0.35969238,0.713154223
0.35991211,0.664156890
0.36013184,0.587852875
0.36035156,0.511081609
0.36057129,0.443823085
0.36079102,0.387556071
0.36101074,0.340019104
0.36123047,0.297889395
0.36145020,0.258411500
0.36166992,0.220035995
0.36188965,0.182290202
0.36210938,0.145384469
0.36232910,0.109925112
0.36254883,0.076822474
0.36276855,0.047303014
0.36298828,0.022832858
0.36320801,0.004674858
0.36342773,-0.007111252
0.36364746,-0.014796444
0.36386719,-0.022946298
0.36408691,-0.036479714
0.36430664,-0.058304682
0.36452637,-0.088611553
0.36474609,-0.125838139
0.36496582,-0.167939711
0.36518555,-0.213132649
0.36540527,-0.260112476
0.36562500,-0.308006955
0.36584473,-0.356251609
0.36606445,-0.404471854
0.36628418,-0.452400246
0.36650391,-0.499824746
0.36672363,-0.546547761
0.36694336,-0.592350946
0.36716309,-0.636974106
0.36738281,-0.680098073
0.36760254,-0.721345867
0.36782227,-0.760405614
0.36804199,-0.797449082
0.36826172,-0.833925678
0.36848145,-0.872886676
0.36870117,-0.916887021
0.36892090,-0.964596973
0.36914062,-1.011287461
0.36936035,-1.052682520
0.36958008,-1.086975059
0.36979980,-1.114669114
0.37001953,-1.138452695
0.37023926,-1.163306562
0.37045898,-1.195795035
0.37067871,-1.241524281
0.37089844,-1.300884492
0.37111816,-1.367223431
0.37133789,-1.430362584
0.37155762,-1.478831618
0.37177734,-1.498990306
0.37199707,-1.485014196
0.37221680,-1.462752786
0.37243652,-1.472253364
0.37265625,-1.519352577
0.37287598,-1.587783051
0.37309570,-1.665313283
0.37331543,-1.746178207
0.37353516,-1.827687921
0.37375488,-1.907991143
0.37397461,-1.984160340
0.37419434,-2.047328157
0.37441406,-2.060541783
0.37463379,-1.952154244
0.37485352,-2.016745047
0.37507324,-2.291045057
0.37529297,-2.458221807
0.37551270,-2.560849356
0.37573242,-2.648361786
0.37595215,-2.732977156
0.37617187,-2.816661876
0.37639160,-2.899524418
0.37661133,-2.981375836
0.37683105,-3.061934739
0.37705078,-3.140383782
0.37727051,-3.215132300
0.37749023,-3.276362820
0.37770996,-3.259614535
0.37792969,-2.850689125
0.37814941,-3.031421246
0.37836914,-3.509634800
0.37858887,-3.675843533
0.37880859,-3.782963437
0.37902832,-3.891858047
0.37924805,-3.852117919
0.37946777,-4.403664072
0.37968750,-5.010209918
0.37990723,-4.981117577
0.38012695,-3.371752008
0.38034668,-5.191105205
0.38056641,-5.851636317
0.38078613,-6.134698213
0.38100586,-6.348984016
0.38122559,-5.117013500
0.38144531,-4.747829661
0.38166504,-6.605123471
0.38188477,-7.198738613
0.38210449,-7.461104486
0.38232422,-5.041882695
0.38254395,-6.410173882
0.38276367,-7.844547799
0.38298340,-8.336707521
0.38320313,-6.270819618
0.38342285,-6.591989881
0.38364258,-7.398404853
0.38386230,-7.032825635
0.38408203,-7.383971753
0.38430176,-5.159595197
0.38452148,-6.723792905
0.38474121,-7.796983127
0.38496094,-8.290294991
0.38518066,-7.190834114
0.38540039,-6.742609245
0.38562012,-8.232025787
0.38583984,-8.787242984
0.38605957,-8.020468914
0.38627930,-8.052758589
0.38649902,-8.698035837
0.38671875,-8.884144296
0.38693848,-8.900735384
0.38715820,-8.885950257
0.38737793,-8.895631882
0.38759766,-8.930565493
0.38781738,-8.965634931
0.38803711,-8.992290330
0.38825684,7.691986208
0.38847656,40.192257293
0.38869629,38.838482158
0.38891602,40.801750495
0.38913574,40.238661644
0.38935547,46.555519671
0.38957520,42.181237208
0.38979492,62.466738669
0.39001465,48.062335376
0.39023438,41.081343997
0.39045410,43.877565789
0.39067383,41.927917173
0.39089355,43.933449149
0.39111328,44.960494345
0.39133301,44.461625290
0.39155273,46.370332392
0.39177246,48.773283604
0.39199219,41.003645545
0.39221191,45.098604194
0.39243164,48.886621078
0.39265137,48.350836189
0.39287109,49.480968274
0.39309082,51.223380581
0.39331055,47.321085047
0.39353027,44.670618047
0.39375000,42.757836148
0.39396973,44.711102630
0.39418945,45.283419080
0.39440918,45.974310699
0.39462891,46.289946976
0.39484863,46.791012938
0.39506836,47.011413926
0.39528809,47.575356870
0.39550781,50.413581495
0.39572754,50.202873006
0.39594727,58.919610754
0.39616699,53.796024233
0.39638672,51.775913125
0.39660645,64.836695899
0.39682617,70.222478987
0.39704590,71.182939349
0.39726563,50.448925125
0.39748535,65.573130569
0.39770508,70.669701593
0.39792480,77.120674874
0.39814453,57.934803339
0.39836426,71.008361601
0.39858398,72.087032633
0.39880371,51.620014428
0.39902344,66.370843881
0.39924316,80.069519337
0.39946289,56.529067265
0.39968262,73.309700077
0.39990234,67.488120566
0.40012207,63.599383728
0.40034180,81.824940915
0.40056152,71.614902220
0.40078125,77.629963091
0.40100098,75.468739955
0.40122070,73.928979488
0.40144043,81.294745528
0.40166016,70.136677326
0.40187988,88.435166651
0.40209961,59.385328662
0.40231934,76.774699317
0.40253906,74.458027538
0.40275879,63.691639623
0.40297852,68.041069919
0.40319824,71.917699603
0.40341797,72.315006911
0.40363770,64.743066636
0.40385742,65.068611260
0.40407715,69.642355396
0.40429688,68.502638062
0.40451660,72.291115013
0.40473633,60.810964815
0.40495605,67.817109289
0.40517578,71.690073222
0.40539551,70.375936129
0.40561523,69.901644965
0.40583496,60.891971004
0.40605469,71.106841731
0.40627441,71.354092462
0.40649414,71.713902535
0.40671387,67.921113393
0.40693359,64.313209450
0.40715332,71.800067066
0.40737305,71.800023713
0.40759277,71.609985293
0.40781250,64.008694873
0.40803223,68.220695422
0.40825195,70.953036389
0.40847168,53.519449055
0.40869141,46.165128773
0.40891113,46.074488791
0.40913086,46.058939378
0.40935059,46.044848343
0.40957031,46.032307699
0.40979004,46.022165932
0.41000977,46.015611516
0.41022949,46.013704369
0.41044922,46.016385653
0.41066895,46.022052574
0.41088867,46.028573551
0.41110840,46.034703075
0.41132812,46.040497727
0.41154785,46.046751437
0.41176758,46.054212838
0.41198730,46.063085649
0.41220703,46.072906672
0.41242676,46.082705636
0.41264648,46.091345267
0.41286621,46.097986746
0.41308594,46.102586741
0.41330566,46.106180891
0.41352539,46.110652117
0.41374512,46.117979291
0.41396484,46.129418068
0.41418457,46.145113991
0.41440430,46.164214837
0.41462402,46.185137515
0.41484375,46.205080674
0.41506348,46.215441512
0.41528320,46.191479922
0.41550293,46.107680344
0.41572266,46.009881887
0.41594238,45.979764427
0.41616211,46.020754056
0.41638184,46.093420306
0.41660156,46.169533400
0.41682129,46.237384419
0.41704102,46.294538320
0.41726074,46.342798312
0.41748047,46.385326765
0.41770020,46.424911431
0.41791992,46.463220926
0.41813965,46.500845370
0.41835938,46.537654372
0.41857910,46.573091526
0.41879883,46.606286781
0.41901855,46.636056399
0.41923828,46.660969781
0.41945801,46.679749752
0.41967773,46.692205154
0.41989746,46.700337121
0.42011719,46.708429570
0.42033691,46.721327628
0.42055664,46.742137119
0.42077637,46.771345711
0.42099609,46.807598773
0.42121582,46.848923190
0.42143555,46.893520907
0.42165527,46.940043412
0.42187500,46.987575564
0.42209473,47.035521426
0.42231445,47.083486908
0.42253418,47.131193819
0.42275391,47.178425011
0.42297363,47.224982379
0.42319336,47.270651255
0.42341309,47.315177900
0.42363281,47.358251984
0.42385254,47.399505691
0.42407227,47.438622292
0.42429199,47.475718561
0.42451172,47.512090312
0.42473145,47.550584002
0.42495117,47.593782539
0.42517090,47.640798069
0.42539063,47.687336363
0.42561035,47.729123612
0.42583008,47.764085705
0.42604980,47.792445103
0.42626953,47.816609248
0.42648926,47.841256011
0.42670898,47.872719089
0.42692871,47.916667045
0.42714844,47.974073900
0.42736816,48.039156429
0.42758789,48.102263545
0.42780762,48.152195318
0.42802734,48.175664673
0.42824707,48.165947049
0.42846680,48.144984490
0.42868652,48.150844429
0.42890625,48.193195933
0.42912598,48.258554577
0.42934570,48.334438735
0.42956543,48.414371009
0.42978516,48.495292846
0.43000488,48.575254186
0.43022461,48.651478436
0.43044434,48.715898521
0.43066406,48.735284159
0.43088379,48.642578435
0.43110352,48.686850144
0.43132324,48.932530545
0.43154297,49.109600155
0.43176270,49.220464757
0.43198242,49.309964668
0.43220215,49.394591838
0.43242188,49.477913126
0.43264160,49.560382759
0.43286133,49.641875299
0.43308105,49.722129658
0.43330078,49.800415137
0.43352051,49.875277086
0.43374023,49.938206992
0.43395996,49.933397932
0.43417969,49.582445191
0.43439941,49.683527458
0.43461914,50.108834969
0.43483887,50.314182234
0.43505859,50.432956337
0.43527832,50.541605070
0.43549805,50.527306818
0.43571777,50.971402285
0.43593750,51.531786555
0.43615723,51.639131623
0.43637695,50.351223825
0.43659668,51.539246514
0.43681641,52.274630377
0.43703613,52.654627694
0.43725586,52.904707749
0.43747559,52.209709307
0.43769531,51.548981479
0.43791504,52.727024911
0.43813477,53.393665253
0.43835449,53.812258928
0.43857422,52.842500508
0.43879395,52.815836667
0.43901367,53.646035098
0.43923340,54.167694273
0.43945312,54.219209975
0.43967285,53.542950252
0.43989258,53.687119391
0.44011230,53.799791827
0.44033203,53.906556792
0.44055176,52.648609418
0.44077148,53.061274071
0.44099121,53.827396814
0.44121094,54.308818369
0.44143066,54.490704324
0.44165039,53.949967609
0.44187012,54.137177277
0.44208984,54.560182380
0.44230957,54.905153412
0.44252930,55.098798394
0.44274902,55.065122202
0.44296875,55.099876070
0.44318848,55.324405606
0.44340820,55.598211774
0.44362793,55.862688816
0.44384766,56.044744314
0.44406738,56.098690455
0.44428711,56.166697293
0.44450684,39.978512055
0.44472656,7.070622868
0.44494629,8.061580174
0.44516602,6.144772633
0.44538574,6.676326436
0.44560547,0.482715910
0.44582520,4.697346668
0.44604492,-9.093968937
0.44626465,-7.272257512
0.44648437,5.717316779
0.44670410,3.107748871
0.44692383,4.973960268
0.44714355,3.042368220
0.44736328,2.008826115
0.44758301,2.477484944
0.44780273,0.627120152
0.44802246,-1.733544555
0.44824219,5.761709941
0.44846191,1.924221034
0.44868164,-1.812610757
0.44890137,-1.392458928
0.44912109,-2.457954541
0.44934082,-4.111492639
0.44956055,-0.542228468
0.44978027,2.211717875
0.45000000,4.138691874
